loteamento;quadra;lote;rua_frente;medida_frente_m;medida_fundo_m;medida_lateral_dir_m;medida_lateral_esq_m;area_m2;conf_frente;conf_fundo;conf_lateral_dir;conf_lateral_esq
Residencial Colina Park;01;01;RUA AL. 01-A;4.0;;;;277.53;;;;
Residencial Colina Park;01;02;RUA AL. 01-A;12.0;12.02;21.37;20.77;252.79;;;;
Residencial Colina Park;01;03;RUA AL. 01-A;12.0;12.02;21.98;21.37;260.06;;;;
Residencial Colina Park;01;04;RUA AL. 01-A;12.0;;;;267.55;;;;
Residencial Colina Park;01;05;RUA AL. 01-A;12.0;12.03;23.59;22.68;277.59;;;;
Residencial Colina Park;01;06;RUA AL. 01-A;12.0;;;;288.53;;;;
Residencial Colina Park;01;07;RUA AL. 01-A;25.0;;;;362.5;;;;
Residencial Colina Park;01;08;RUA AL. 01-A;30.0;;;;326.4;;;;
Residencial Colina Park;01;09;RUA AL. 01-A;27.62;;;;575.97;;;;
Residencial Colina Park;01;10;RUA AL. 01-A;42.9;43.78;12.24;11.35;510.36;;;;
Residencial Colina Park;02;01;RUALOCAL01;23.0;;;;337.5;;;;
Residencial Colina Park;02;02;RUALOCAL01;28.0;28.0;12.0;12.0;336.0;;;;
Residencial Colina Park;02;03;RUA LOCAL 02;12.0;12.0;28.0;28.0;336.0;;;;
Residencial Colina Park;02;04;RUA LOCAL 02;12.0;12.0;28.0;28.0;336.0;;;;
Residencial Colina Park;02;05;RUA LOCAL 02;12.0;12.0;28.0;28.0;336.0;;;;
Residencial Colina Park;02;06;RUA LOCAL 02;12.0;12.0;28.0;28.0;336.0;;;;
Residencial Colina Park;02;07;RUA LOCAL 02;12.0;12.0;28.0;28.0;336.0;;;;
Residencial Colina Park;02;08;RUA LOCAL 02;12.0;12.0;28.0;28.0;336.0;;;;
Residencial Colina Park;02;09;RUA LOCAL 02;12.0;12.0;28.0;28.0;336.0;;;;
Residencial Colina Park;02;10;RUA LOCAL 02;12.0;12.0;28.0;28.0;336.0;;;;
Residencial Colina Park;02;11;RUA LOCAL 02;12.0;12.0;28.0;28.0;336.0;;;;
Residencial Colina Park;02;12;RUA LOCAL 02;12.0;12.0;28.0;28.0;336.0;;;;
Residencial Colina Park;02;13;RUA LOCAL 02;12.0;12.0;28.0;28.0;336.0;;;;
Residencial Colina Park;02;14;RUA LOCAL 02;12.0;12.0;28.0;28.0;336.0;;;;
Residencial Colina Park;02;15;RUA LOCAL 02;12.0;;;;336.0;;;;
Residencial Colina Park;02;16;RUA LOCAL 02;12.0;12.0;25.0;25.0;300.0;;;;
Residencial Colina Park;02;17;RUA LOCAL 02;12.0;12.0;25.0;25.0;300.0;;;;
Residencial Colina Park;02;18;RUA AL. 01-A;20.0;;;;303.31;;;;
Residencial Colina Park;02;19;RUA AL. 01-A;15.0;;;;240.15;;;;
Residencial Colina Park;02;20;RUA AL. 01-A;12.0;12.0;20.0;20.0;240.0;;;;
Residencial Colina Park;02;21;RUA AL. 01-A;3.96;;;;254.97;;;;
Residencial Colina Park;02;22;RUA AL. 01-A;13.23;12.0;26.29;20.73;282.09;;;;
Residencial Colina Park;02;23;RUA AL. 01-A;5.4;;;;336.97;;;;
Residencial Colina Park;02;24;RUALOCAL01;12.0;12.0;28.42;28.51;341.58;;;;
Residencial Colina Park;02;25;RUALOCAL01;12.0;12.0;28.34;28.42;340.55;;;;
Residencial Colina Park;02;26;RUALOCAL01;12.0;12.0;28.25;28.34;339.51;;;;
Residencial Colina Park;02;27;RUALOCAL01;12.0;12.0;28.16;28.25;338.48;;;;
Residencial Colina Park;02;28;RUALOCAL01;12.0;12.0;28.08;28.16;337.44;;;;
Residencial Colina Park;02;29;RUALOCAL01;12.0;12.0;27.99;28.08;336.41;;;;
Residencial Colina Park;02;30;RUALOCAL01;12.0;12.0;27.9;27.99;335.37;;;;
Residencial Colina Park;02;31;RUALOCAL01;12.0;12.0;27.82;27.9;334.34;;;;
Residencial Colina Park;02;32;RUALOCAL01;12.0;12.0;27.73;27.82;333.31;;;;
Residencial Colina Park;02;33;RUALOCAL01;12.0;12.0;27.65;27.73;332.27;;;;
Residencial Colina Park;02;34;RUALOCAL01;12.0;12.0;27.56;27.65;331.24;;;;
Residencial Colina Park;02;35;RUALOCAL01;12.0;12.0;27.47;27.56;330.2;;;;
Residencial Colina Park;02;36;RUALOCAL01;22.38;;;;330.36;;;;
Residencial Colina Park;03;01;RUA LOCAL 05;23.0;;;;437.43;;;;
Residencial Colina Park;03;02;RUA LOCAL 02;12.0;12.0;28.0;28.0;336.0;;;;
Residencial Colina Park;03;03;RUA LOCAL 02;12.0;12.0;28.0;28.0;336.0;;;;
Residencial Colina Park;03;04;RUA LOCAL 02;12.0;12.0;28.0;28.0;336.0;;;;
Residencial Colina Park;03;05;RUA LOCAL 02;12.0;12.0;28.0;28.0;336.0;;;;
Residencial Colina Park;03;06;RUA LOCAL 02;12.0;12.0;28.0;28.0;336.0;;;;
Residencial Colina Park;03;07;RUA LOCAL 02;12.0;12.0;28.0;28.0;336.0;;;;
Residencial Colina Park;03;08;RUA LOCAL 02;12.0;12.0;28.0;28.0;336.0;;;;
Residencial Colina Park;03;09;RUA LOCAL 02;12.0;12.0;28.0;28.0;336.0;;;;
Residencial Colina Park;03;10;RUA LOCAL 02;12.0;12.0;28.0;28.0;336.0;;;;
Residencial Colina Park;03;11;RUA LOCAL 02;12.0;12.0;28.0;28.0;336.0;;;;
Residencial Colina Park;03;12;RUA LOCAL 02;12.0;12.0;28.0;28.0;336.0;;;;
Residencial Colina Park;03;13;RUA LOCAL 02;12.0;12.0;28.0;28.0;336.0;;;;
Residencial Colina Park;03;14;RUALOCAL01;23.0;;;;351.5;;;;
Residencial Colina Park;03;15;RUALOCAL01;22.3;;;;341.77;;;;
Residencial Colina Park;03;16;RUALOCAL01;12.0;12.0;27.12;27.2;325.94;;;;
Residencial Colina Park;03;17;RUALOCAL01;12.0;12.0;27.03;27.12;324.9;;;;
Residencial Colina Park;03;18;RUALOCAL01;12.0;12.0;26.95;27.03;323.87;;;;
Residencial Colina Park;03;19;RUALOCAL01;12.0;12.0;26.86;26.95;322.83;;;;
Residencial Colina Park;03;20;RUALOCAL01;12.0;12.0;26.77;26.86;321.8;;;;
Residencial Colina Park;03;21;RUALOCAL01;12.0;12.0;26.69;26.77;320.77;;;;
Residencial Colina Park;03;22;RUALOCAL01;12.0;12.0;26.6;26.69;319.73;;;;
Residencial Colina Park;03;23;RUALOCAL01;12.0;12.0;26.51;26.6;318.7;;;;
Residencial Colina Park;03;24;RUALOCAL01;12.0;12.0;26.43;26.51;317.66;;;;
Residencial Colina Park;03;25;RUALOCAL01;12.0;12.0;26.34;26.43;316.63;;;;
Residencial Colina Park;03;26;RUALOCAL01;12.0;12.0;26.26;26.34;315.59;;;;
Residencial Colina Park;03;27;RUALOCAL01;12.0;12.0;26.17;26.26;314.56;;;;
Residencial Colina Park;03;28;RUA LOCAL 05;21.05;;;;407.1;;;;
Residencial Colina Park;04;01;RUA LOCAL 05;19.42;;;;292.75;;;;
Residencial Colina Park;04;02;RUA LOCAL 02;12.25;12.25;24.42;24.42;299.16;;;;
Residencial Colina Park;04;03;RUA LOCAL 02;12.0;12.0;38.0;38.0;456.0;;;;
Residencial Colina Park;04;04;RUA LOCAL 02;12.0;12.0;38.0;38.0;456.0;;;;
Residencial Colina Park;04;05;RUA LOCAL 02;12.0;12.0;38.0;38.0;456.0;;;;
Residencial Colina Park;04;06;RUA LOCAL 02;12.0;12.0;38.0;38.0;456.0;;;;
Residencial Colina Park;04;07;RUA LOCAL 02;12.0;12.0;38.0;38.0;456.0;;;;
Residencial Colina Park;04;08;RUA LOCAL 02;12.0;12.0;38.0;38.0;456.0;;;;
Residencial Colina Park;04;09;RUA LOCAL 02;12.25;12.25;24.42;24.42;299.14;;;;
Residencial Colina Park;04;10;RUA LOCAL 02;19.42;;;;292.75;;;;
Residencial Colina Park;04;11;RUA LOCAL 02;11.0;11.0;24.75;24.75;272.25;;;;
Residencial Colina Park;04;12;RUA LOCAL 02;11.0;;;;272.25;;;;
Residencial Colina Park;04;13;RUA LOCAL 02;11.0;11.0;24.75;24.75;272.25;;;;
Residencial Colina Park;04;14;RUA LOCAL 04;19.75;;;;319.64;;;;
Residencial Colina Park;04;15;RUA LOCAL 04;12.0;12.0;32.84;32.84;394.08;;;;
Residencial Colina Park;04;16;RUA LOCAL 04;12.0;12.0;32.84;32.84;394.08;;;;
Residencial Colina Park;04;17;RUA LOCAL 04;12.0;12.0;32.84;32.84;394.08;;;;
Residencial Colina Park;04;18;RUA LOCAL 04;12.0;12.0;32.84;32.84;394.08;;;;
Residencial Colina Park;04;19;RUA LOCAL 04;12.0;12.0;32.84;32.84;394.08;;;;
Residencial Colina Park;04;20;RUA LOCAL 04;12.0;12.0;32.84;32.84;394.08;;;;
Residencial Colina Park;04;21;RUA LOCAL 04;19.75;;;;319.64;;;;
Residencial Colina Park;04;22;RUA LOCAL 05;11.0;11.0;24.75;24.75;272.26;;;;
Residencial Colina Park;04;23;RUA LOCAL 05;11.0;;;;272.26;;;;
Residencial Colina Park;04;24;RUA LOCAL 05;11.0;11.0;24.75;24.75;272.26;;;;
Residencial Colina Park;05;01;RUA LOCAL 02;20.0;;;;312.5;;;;
Residencial Colina Park;05;02;RUA LOCAL 02;12.0;12.0;25.0;25.0;300.0;;;;
Residencial Colina Park;05;03;RUA LOCAL 02;14.46;;;;584.79;;;;
Residencial Colina Park;05;04;RUA LOCAL 02;12.57;12.57;35.42;35.42;445.18;;;;
Residencial Colina Park;05;05;RUA LOCAL 02;12.0;12.0;35.42;35.42;425.04;;;;
Residencial Colina Park;05;06;RUA LOCAL 02;12.0;12.0;35.42;35.42;425.04;;;;
Residencial Colina Park;05;07;RUA LOCAL 02;12.0;;;;425.02;;;;
Residencial Colina Park;05;08;RUA LOCAL 02;12.5;;;;305.24;;;;
Residencial Colina Park;05;09;RUA ALIMENTADORA 04;19.42;;;;292.75;;;;
Residencial Colina Park;05;10;RUA ALIMENTADORA 04;11.0;;;;275.0;;;;
Residencial Colina Park;05;11;RUA ALIMENTADORA 04;11.0;;;;275.0;;;;
Residencial Colina Park;05;12;RUA ALIMENTADORA 04;11.0;;;;275.0;;;;
Residencial Colina Park;05;13;RUA LOCAL 04;20.0;;;;323.01;;;;
Residencial Colina Park;05;14;RUA LOCAL 04;12.0;;;;425.04;;;;
Residencial Colina Park;05;15;RUA LOCAL 04;12.0;12.0;35.42;35.42;425.05;;;;
Residencial Colina Park;05;16;RUA LOCAL 04;12.0;12.0;35.42;35.42;425.05;;;;
Residencial Colina Park;05;17;RUA LOCAL 04;14.15;;;;468.85;;;;
Residencial Colina Park;05;18;RUA LOCAL 04;35.38;;;;1198.64;;;;
Residencial Colina Park;05;19;RUA LOCAL 02;13.75;;;;360.14;;;;
Residencial Colina Park;06;01;RUA ALIMENTADORA 03;8.97;;;;466.0;;;;
Residencial Colina Park;06;02;RUA LOCAL 02;12.0;12.0;26.34;26.34;316.08;;;;
Residencial Colina Park;06;03;RUA LOCAL 02;12.0;12.0;26.34;26.34;316.08;;;;
Residencial Colina Park;06;04;RUA LOCAL 05;21.34;;;;329.92;;;;
Residencial Colina Park;06;05;RUA LOCAL 05;12.0;;;;300.0;;;;
Residencial Colina Park;06;06;RUA LOCAL 05;12.0;;;;300.0;;;;
Residencial Colina Park;06;07;RUA LOCAL 05;12.0;;;;300.0;;;;
Residencial Colina Park;06;08;RUA LOCAL 05;12.0;;;;300.0;;;;
Residencial Colina Park;06;09;RUA LOCAL 05;12.0;;;;300.0;;;;
Residencial Colina Park;06;10;RUA LOCAL 05;12.0;;;;300.0;;;;
Residencial Colina Park;06;11;RUA LOCAL 05;12.0;;;;300.0;;;;
Residencial Colina Park;06;12;RUA LOCAL 05;12.0;;;;300.0;;;;
Residencial Colina Park;06;13;RUA LOCAL 05;12.0;;;;300.0;;;;
Residencial Colina Park;06;14;RUA LOCAL 05;12.0;;;;300.0;;;;
Residencial Colina Park;06;15;RUA LOCAL 05;12.0;;;;300.0;;;;
Residencial Colina Park;06;16;RUA LOCAL 05;12.0;;;;300.0;;;;
Residencial Colina Park;06;17;RUA LOCAL 05;12.0;;;;300.0;;;;
Residencial Colina Park;06;18;RUA LOCAL 05;20.0;;;;325.01;;;;
Residencial Colina Park;06;19;RUA LOCAL 05;30.0;;;;460.01;;;;
Residencial Colina Park;06;20;RUA LOCAL 05;35.0;35.0;12.0;12.0;420.0;;;;
Residencial Colina Park;06;21;RUA ALIMENTADORA 03;12.0;12.0;35.0;35.0;420.0;;;;
Residencial Colina Park;06;22;RUA ALIMENTADORA 03;12.0;12.0;35.0;35.0;420.0;;;;
Residencial Colina Park;06;23;RUA ALIMENTADORA 03;12.0;12.0;35.0;35.0;420.0;;;;
Residencial Colina Park;06;24;RUA ALIMENTADORA 03;12.0;12.0;35.0;35.0;420.0;;;;
Residencial Colina Park;06;25;RUA ALIMENTADORA 03;12.0;12.0;35.0;35.0;420.0;;;;
Residencial Colina Park;06;26;RUA ALIMENTADORA 03;12.0;12.0;35.0;35.0;420.0;;;;
Residencial Colina Park;06;27;RUA ALIMENTADORA 03;12.0;12.0;35.0;35.0;420.0;;;;
Residencial Colina Park;06;28;RUA ALIMENTADORA 03;12.0;12.0;35.0;35.0;420.0;;;;
Residencial Colina Park;06;29;RUA ALIMENTADORA 03;12.0;12.0;35.0;35.0;420.0;;;;
Residencial Colina Park;06;30;RUA ALIMENTADORA 03;12.0;12.0;35.0;35.0;420.0;;;;
Residencial Colina Park;06;31;RUA ALIMENTADORA 03;12.0;;;;420.0;;;;
Residencial Colina Park;06;32;RUA ALIMENTADORA 03;12.0;;;;420.0;;;;
Residencial Colina Park;07;01;RUA LOCAL 04;16.53;;;;267.36;;;;
Residencial Colina Park;07;02;RUA LOCAL 04;10.0;10.0;25.0;25.0;250.0;;;;
Residencial Colina Park;07;03;RUA LOCAL 04;10.0;10.0;25.0;25.0;250.0;;;;
Residencial Colina Park;07;04;RUA LOCAL 04;10.0;10.0;25.0;25.0;250.0;;;;
Residencial Colina Park;07;05;RUA LOCAL 04;10.0;10.0;25.0;25.0;250.0;;;;
Residencial Colina Park;07;06;RUA LOCAL 04;10.0;10.0;25.0;25.0;250.0;;;;
Residencial Colina Park;07;07;RUA LOCAL 04;10.0;10.0;25.0;25.0;250.0;;;;
Residencial Colina Park;07;08;RUA LOCAL 04;10.0;10.0;25.0;25.0;250.0;;;;
Residencial Colina Park;07;09;RUA LOCAL 04;10.0;10.0;25.0;25.0;250.0;;;;
Residencial Colina Park;07;10;RUA LOCAL 04;10.0;10.0;25.0;25.0;250.0;;;;
Residencial Colina Park;07;11;RUA LOCAL 04;10.0;10.0;25.0;25.0;250.0;;;;
Residencial Colina Park;07;12;RUA LOCAL 04;10.0;10.0;25.0;25.0;250.0;;;;
Residencial Colina Park;07;13;RUA LOCAL 04;10.0;10.0;25.0;25.0;250.0;;;;
Residencial Colina Park;07;14;RUA LOCAL 04;10.0;10.0;25.0;25.0;250.0;;;;
Residencial Colina Park;07;15;RUA LOCAL 04;10.0;10.0;25.0;25.0;250.0;;;;
Residencial Colina Park;07;16;RUA LOCAL 04;10.0;10.0;25.0;25.0;250.0;;;;
Residencial Colina Park;07;17;RUA LOCAL 04;10.0;10.0;25.0;25.0;250.0;;;;
Residencial Colina Park;07;18;RUA LOCAL 04;10.0;10.0;25.0;25.0;250.0;;;;
Residencial Colina Park;07;19;RUA LOCAL 04;10.0;10.0;25.0;25.0;250.0;;;;
Residencial Colina Park;07;20;RUA LOCAL 04;10.0;10.0;25.0;25.0;250.0;;;;
Residencial Colina Park;07;21;RUA LOCAL 04;10.0;10.0;25.0;25.0;250.0;;;;
Residencial Colina Park;07;22;RUA LOCAL 04;20.0;;;;312.5;;;;
Residencial Colina Park;07;23;RUA ALIMENTADORA 04;12.0;12.0;25.0;25.0;300.0;;;;
Residencial Colina Park;07;24;RUA ALIMENTADORA 04;12.0;12.0;25.0;25.0;300.0;;;;
Residencial Colina Park;07;25;RUA LOCAL 04;20.0;;;;312.5;;;;
Residencial Colina Park;07;26;RUA LOCAL 04;10.0;10.0;25.0;25.0;250.0;;;;
Residencial Colina Park;07;27;RUA LOCAL 04;10.0;10.0;25.0;25.0;250.0;;;;
Residencial Colina Park;07;28;RUA LOCAL 04;10.0;10.0;25.0;25.0;250.0;;;;
Residencial Colina Park;07;29;RUA LOCAL 04;10.0;10.0;25.0;25.0;250.0;;;;
Residencial Colina Park;07;30;RUA LOCAL 04;10.0;10.0;25.0;25.0;250.0;;;;
Residencial Colina Park;07;31;RUA LOCAL 04;10.0;10.0;25.0;25.0;250.0;;;;
Residencial Colina Park;07;32;RUA LOCAL 04;10.0;10.0;25.0;25.0;250.0;;;;
Residencial Colina Park;07;33;RUA LOCAL 04;10.0;10.0;25.0;25.0;250.0;;;;
Residencial Colina Park;07;34;RUA LOCAL 04;10.0;10.0;25.0;25.0;250.0;;;;
Residencial Colina Park;07;35;RUA LOCAL 04;10.0;10.0;25.0;25.0;250.0;;;;
Residencial Colina Park;07;36;RUA LOCAL 04;10.0;10.0;25.0;25.0;250.0;;;;
Residencial Colina Park;07;37;RUA LOCAL 04;10.0;10.0;25.0;25.0;250.0;;;;
Residencial Colina Park;07;38;RUA LOCAL 04;10.0;10.0;25.0;25.0;250.0;;;;
Residencial Colina Park;07;39;RUA LOCAL 04;10.0;10.0;25.0;25.0;250.0;;;;
Residencial Colina Park;07;40;RUA LOCAL 04;10.0;10.0;25.0;25.0;250.0;;;;
Residencial Colina Park;07;41;RUA LOCAL 04;10.0;10.0;25.0;25.0;250.0;;;;
Residencial Colina Park;07;42;RUA LOCAL 04;10.0;10.0;25.0;25.0;250.0;;;;
Residencial Colina Park;07;43;RUA LOCAL 04;10.0;10.0;25.0;25.0;250.0;;;;
Residencial Colina Park;07;44;RUA LOCAL 04;10.0;10.0;25.0;25.0;250.0;;;;
Residencial Colina Park;07;45;RUA LOCAL 04;10.0;10.0;25.0;25.0;250.0;;;;
Residencial Colina Park;07;46;RUA LOCAL 04;16.53;;;;267.36;;;;
Residencial Colina Park;07;47;RUA LOCAL 05;12.0;12.0;21.53;21.53;258.33;;;;
Residencial Colina Park;07;48;RUA LOCAL 05;12.0;12.0;21.53;21.53;258.33;;;;
Residencial Colina Park;08;01;RUA LOCAL 04;16.53;;;;267.47;;;;
Residencial Colina Park;08;02;RUA LOCAL 04;10.0;10.0;25.0;25.0;250.0;;;;
Residencial Colina Park;08;03;RUA LOCAL 04;10.0;10.0;25.0;25.0;250.0;;;;
Residencial Colina Park;08;04;RUA LOCAL 04;10.0;10.0;25.0;25.0;250.0;;;;
Residencial Colina Park;08;05;RUA LOCAL 04;10.0;10.0;25.0;25.0;250.0;;;;
Residencial Colina Park;08;06;RUA LOCAL 04;10.0;10.0;25.0;25.0;250.0;;;;
Residencial Colina Park;08;07;RUA LOCAL 04;10.0;10.0;25.0;25.0;250.0;;;;
Residencial Colina Park;08;08;RUA LOCAL 04;10.0;10.0;25.0;25.0;250.0;;;;
Residencial Colina Park;08;09;RUA LOCAL 04;10.0;10.0;25.0;25.0;250.0;;;;
Residencial Colina Park;08;10;RUA LOCAL 04;10.0;10.0;25.0;25.0;250.0;;;;
Residencial Colina Park;08;11;RUA LOCAL 04;10.0;10.0;25.0;25.0;250.0;;;;
Residencial Colina Park;08;12;RUA LOCAL 04;10.0;10.0;25.0;25.0;250.0;;;;
Residencial Colina Park;08;13;RUA LOCAL 04;10.0;10.0;25.0;25.0;250.0;;;;
Residencial Colina Park;08;14;RUA LOCAL 04;10.0;10.0;25.0;25.0;250.0;;;;
Residencial Colina Park;08;15;RUA LOCAL 04;10.0;10.0;25.0;25.0;250.0;;;;
Residencial Colina Park;08;16;RUA LOCAL 04;10.0;10.0;25.0;25.0;250.0;;;;
Residencial Colina Park;08;17;RUA LOCAL 04;10.0;10.0;25.0;25.0;250.0;;;;
Residencial Colina Park;08;18;RUA LOCAL 04;10.0;10.0;25.0;25.0;250.0;;;;
Residencial Colina Park;08;19;RUA LOCAL 04;10.0;10.0;25.0;25.0;250.0;;;;
Residencial Colina Park;08;20;RUA LOCAL 04;10.0;10.0;25.0;25.0;250.0;;;;
Residencial Colina Park;08;21;RUA LOCAL 04;10.0;10.0;25.0;25.0;250.0;;;;
Residencial Colina Park;08;22;RUA LOCAL 04;20.0;;;;312.5;;;;
Residencial Colina Park;08;23;RUA ALIMENTADORA 04;12.0;12.0;25.0;25.0;300.0;;;;
Residencial Colina Park;08;24;RUA ALIMENTADORA 04;12.0;12.0;25.0;25.0;300.0;;;;
Residencial Colina Park;08;25;RUA LOCAL 05;20.0;;;;312.5;;;;
Residencial Colina Park;08;26;RUA LOCAL 05;10.0;10.0;25.0;25.0;250.0;;;;
Residencial Colina Park;08;27;RUA LOCAL 05;10.0;10.0;25.0;25.0;250.0;;;;
Residencial Colina Park;08;28;RUA LOCAL 05;10.0;10.0;25.0;25.0;250.0;;;;
Residencial Colina Park;08;29;RUA LOCAL 05;10.0;10.0;25.0;25.0;250.0;;;;
Residencial Colina Park;08;30;RUA LOCAL 05;10.0;10.0;25.0;25.0;250.0;;;;
Residencial Colina Park;08;31;RUA LOCAL 05;10.0;10.0;25.0;25.0;250.0;;;;
Residencial Colina Park;08;32;RUA LOCAL 05;10.0;10.0;25.0;25.0;250.0;;;;
Residencial Colina Park;08;33;RUA LOCAL 05;10.0;10.0;25.0;25.0;250.0;;;;
Residencial Colina Park;08;34;RUA LOCAL 05;10.0;10.0;25.0;25.0;250.0;;;;
Residencial Colina Park;08;35;RUA LOCAL 05;10.0;10.0;25.0;25.0;250.0;;;;
Residencial Colina Park;08;36;RUA LOCAL 05;10.0;10.0;25.0;25.0;250.0;;;;
Residencial Colina Park;08;37;RUA LOCAL 05;10.0;10.0;25.0;25.0;250.0;;;;
Residencial Colina Park;08;38;RUA LOCAL 05;10.0;10.0;25.0;25.0;250.0;;;;
Residencial Colina Park;08;39;RUA LOCAL 05;10.0;10.0;25.0;25.0;250.0;;;;
Residencial Colina Park;08;40;RUA LOCAL 05;10.0;10.0;25.0;25.0;250.0;;;;
Residencial Colina Park;08;41;RUA LOCAL 05;10.0;10.0;25.0;25.0;250.0;;;;
Residencial Colina Park;08;42;RUA LOCAL 05;10.0;10.0;25.0;25.0;250.0;;;;
Residencial Colina Park;08;43;RUA LOCAL 05;10.0;10.0;25.0;25.0;250.0;;;;
Residencial Colina Park;08;44;RUA LOCAL 05;10.0;10.0;25.0;25.0;250.0;;;;
Residencial Colina Park;08;45;RUA LOCAL 05;10.0;10.0;25.0;25.0;250.0;;;;
Residencial Colina Park;08;46;RUA LOCAL 05;16.53;;;;267.25;;;;
Residencial Colina Park;08;47;RUA LOCAL 05;12.05;12.04;21.53;21.53;259.32;;;;
Residencial Colina Park;08;48;RUA LOCAL 05;11.95;11.96;21.53;21.53;257.35;;;;
Residencial Colina Park;09;01;RUA LOCAL 05;16.53;;;;267.47;;;;
Residencial Colina Park;09;02;RUA LOCAL 05;10.0;10.0;25.0;25.0;250.0;;;;
Residencial Colina Park;09;03;RUA LOCAL 05;10.0;10.0;25.0;25.0;250.0;;;;
Residencial Colina Park;09;04;RUA LOCAL 05;10.0;10.0;25.0;25.0;250.0;;;;
Residencial Colina Park;09;05;RUA LOCAL 05;10.0;10.0;25.0;25.0;250.0;;;;
Residencial Colina Park;09;06;RUA LOCAL 05;10.0;10.0;25.0;25.0;250.0;;;;
Residencial Colina Park;09;07;RUA LOCAL 05;10.0;10.0;25.0;25.0;250.0;;;;
Residencial Colina Park;09;08;RUA LOCAL 05;10.0;10.0;25.0;25.0;250.0;;;;
Residencial Colina Park;09;09;RUA LOCAL 05;10.0;10.0;25.0;25.0;250.0;;;;
Residencial Colina Park;09;10;RUA LOCAL 05;10.0;10.0;25.0;25.0;250.0;;;;
Residencial Colina Park;09;11;RUA LOCAL 05;10.0;10.0;25.0;25.0;250.0;;;;
Residencial Colina Park;09;12;RUA LOCAL 05;10.0;10.0;25.0;25.0;250.0;;;;
Residencial Colina Park;09;13;RUA LOCAL 05;10.0;10.0;25.0;25.0;250.0;;;;
Residencial Colina Park;09;14;RUA LOCAL 05;10.0;10.0;25.0;25.0;250.0;;;;
Residencial Colina Park;09;15;RUA LOCAL 05;10.0;10.0;25.0;25.0;250.0;;;;
Residencial Colina Park;09;16;RUA LOCAL 05;10.0;10.0;25.0;25.0;250.0;;;;
Residencial Colina Park;09;17;RUA LOCAL 05;10.0;10.0;25.0;25.0;250.0;;;;
Residencial Colina Park;09;18;RUA LOCAL 05;10.0;10.0;25.0;25.0;250.0;;;;
Residencial Colina Park;09;19;RUA LOCAL 05;10.0;10.0;25.0;25.0;250.0;;;;
Residencial Colina Park;09;20;RUA LOCAL 05;10.0;10.0;25.0;25.0;250.0;;;;
Residencial Colina Park;09;21;RUA LOCAL 05;10.0;10.0;25.0;25.0;250.0;;;;
Residencial Colina Park;09;22;RUA LOCAL 05;20.0;;;;312.5;;;;
Residencial Colina Park;09;23;RUA ALIMENTADORA 04;12.0;12.0;25.0;25.0;300.0;;;;
Residencial Colina Park;09;24;RUA ALIMENTADORA 04;12.0;12.0;25.0;25.0;300.0;;;;
Residencial Colina Park;09;25;RUA LOCAL 06;20.0;;;;312.5;;;;
Residencial Colina Park;09;26;RUA LOCAL 06;10.0;10.0;25.0;25.0;250.0;;;;
Residencial Colina Park;09;27;RUA LOCAL 06;10.0;10.0;25.0;25.0;250.0;;;;
Residencial Colina Park;09;28;RUA LOCAL 06;10.0;10.0;25.0;25.0;250.0;;;;
Residencial Colina Park;09;29;RUA LOCAL 06;10.0;10.0;25.0;25.0;250.0;;;;
Residencial Colina Park;09;30;RUA LOCAL 06;10.0;10.0;25.0;25.0;250.0;;;;
Residencial Colina Park;09;31;RUA LOCAL 06;10.0;10.0;25.0;25.0;250.0;;;;
Residencial Colina Park;09;32;RUA LOCAL 06;10.0;10.0;25.0;25.0;250.0;;;;
Residencial Colina Park;09;33;RUA LOCAL 06;10.0;10.0;25.0;25.0;250.0;;;;
Residencial Colina Park;09;34;RUA LOCAL 06;10.0;10.0;25.0;25.0;250.0;;;;
Residencial Colina Park;09;35;RUA LOCAL 06;10.0;10.0;25.0;25.0;250.0;;;;
Residencial Colina Park;09;36;RUA LOCAL 06;10.0;10.0;25.0;25.0;250.0;;;;
Residencial Colina Park;09;37;RUA LOCAL 06;10.0;10.0;25.0;25.0;250.0;;;;
Residencial Colina Park;09;38;RUA LOCAL 06;10.0;10.0;25.0;25.0;250.0;;;;
Residencial Colina Park;09;39;RUA LOCAL 06;10.0;10.0;25.0;25.0;250.0;;;;
Residencial Colina Park;09;40;RUA LOCAL 06;10.0;10.0;25.0;25.0;250.0;;;;
Residencial Colina Park;09;41;RUA LOCAL 06;10.0;10.0;25.0;25.0;250.0;;;;
Residencial Colina Park;09;42;RUA LOCAL 06;10.0;10.0;25.0;25.0;250.0;;;;
Residencial Colina Park;09;43;RUA LOCAL 06;10.0;10.0;25.0;25.0;250.0;;;;
Residencial Colina Park;09;44;RUA LOCAL 06;10.0;10.0;25.0;25.0;250.0;;;;
Residencial Colina Park;09;45;RUA LOCAL 06;10.0;10.0;25.0;25.0;250.0;;;;
Residencial Colina Park;09;46;RUA LOCAL 06;16.53;;;;267.25;;;;
Residencial Colina Park;09;47;RUA LOCAL 05;12.05;12.04;21.53;21.53;259.32;;;;
Residencial Colina Park;09;48;RUA LOCAL 05;11.95;11.96;21.53;21.53;257.35;;;;
Residencial Colina Park;10;01;RUA ALIMENTADORA 03;24.89;;;;490.14;;;;
Residencial Colina Park;10;01;RUA ALIMENTADORA 03;30.34;;;;489.41;;;;
Residencial Colina Park;10;02;RUA ALIMENTADORA 03;12.0;12.0;35.0;35.0;420.0;;;;
Residencial Colina Park;10;03;RUA ALIMENTADORA 03;12.0;12.0;35.0;35.0;420.0;;;;
Residencial Colina Park;10;04;RUA ALIMENTADORA 03;12.0;12.0;35.0;35.0;420.0;;;;
Residencial Colina Park;10;05;RUA ALIMENTADORA 03;12.0;12.0;35.0;35.0;420.0;;;;
Residencial Colina Park;10;06;RUA ALIMENTADORA 03;12.0;12.0;35.0;35.0;420.0;;;;
Residencial Colina Park;10;07;RUA ALIMENTADORA 03;12.0;12.0;35.0;35.0;420.0;;;;
Residencial Colina Park;10;08;RUA ALIMENTADORA 03;12.0;12.0;35.0;35.0;420.0;;;;
Residencial Colina Park;10;09;RUA ALIMENTADORA 03;12.0;12.0;35.0;35.0;420.0;;;;
Residencial Colina Park;10;10;RUA ALIMENTADORA 03;12.0;12.0;35.0;35.0;420.0;;;;
Residencial Colina Park;10;11;RUA ALIMENTADORA 03;12.0;12.0;35.0;35.0;420.0;;;;
Residencial Colina Park;10;12;RUA ALIMENTADORA 03;12.0;12.0;35.0;35.0;420.0;;;;
Residencial Colina Park;10;13;RUA LOCAL 05;30.0;;;;425.0;;;;
Residencial Colina Park;10;14;RUA LOCAL 05;20.0;;;;300.0;;;;
Residencial Colina Park;10;15;RUA LOCAL 05;12.0;12.0;25.0;25.0;300.0;;;;
Residencial Colina Park;10;16;RUA LOCAL 05;12.0;12.0;25.0;25.0;300.0;;;;
Residencial Colina Park;10;17;RUA LOCAL 05;12.0;12.0;25.0;25.0;300.0;;;;
Residencial Colina Park;10;18;RUA LOCAL 05;12.0;12.0;25.0;25.0;300.0;;;;
Residencial Colina Park;10;19;RUA LOCAL 05;12.0;12.0;25.0;25.0;300.0;;;;
Residencial Colina Park;10;20;RUA LOCAL 05;12.0;12.0;25.0;25.0;300.0;;;;
Residencial Colina Park;10;21;RUA LOCAL 05;12.0;12.0;25.0;25.0;300.0;;;;
Residencial Colina Park;10;22;RUA LOCAL 05;12.0;12.0;25.0;25.0;300.0;;;;
Residencial Colina Park;10;23;RUA LOCAL 05;12.0;12.0;25.0;25.0;300.0;;;;
Residencial Colina Park;10;24;RUA LOCAL 05;12.0;12.0;25.0;25.0;300.0;;;;
Residencial Colina Park;10;25;RUA LOCAL 05;12.0;12.0;25.0;25.0;300.0;;;;
Residencial Colina Park;10;26;RUA ALIMENTADORA 03;20.06;;;;296.1;;;;
Residencial Colina Park;11;01;RUA LOCAL 06;16.53;;;;267.47;;;;
Residencial Colina Park;11;02;RUA LOCAL 06;10.0;10.0;25.0;25.0;250.0;;;;
Residencial Colina Park;11;03;RUA LOCAL 06;10.0;10.0;25.0;25.0;250.0;;;;
Residencial Colina Park;11;04;RUA LOCAL 06;10.0;10.0;25.0;25.0;250.0;;;;
Residencial Colina Park;11;05;RUA LOCAL 06;10.0;10.0;25.0;25.0;250.0;;;;
Residencial Colina Park;11;06;RUA LOCAL 06;10.0;10.0;25.0;25.0;250.0;;;;
Residencial Colina Park;11;07;RUA LOCAL 06;10.0;10.0;25.0;25.0;250.0;;;;
Residencial Colina Park;11;08;RUA LOCAL 06;10.0;10.0;25.0;25.0;250.0;;;;
Residencial Colina Park;11;09;RUA LOCAL 06;10.0;10.0;25.0;25.0;250.0;;;;
Residencial Colina Park;11;10;RUA LOCAL 06;10.0;10.0;25.0;25.0;250.0;;;;
Residencial Colina Park;11;11;RUA LOCAL 06;10.0;10.0;25.0;25.0;250.0;;;;
Residencial Colina Park;11;12;RUA LOCAL 06;10.0;10.0;25.0;25.0;250.0;;;;
Residencial Colina Park;11;13;RUA LOCAL 06;10.0;10.0;25.0;25.0;250.0;;;;
Residencial Colina Park;11;14;RUA LOCAL 06;10.0;10.0;25.0;25.0;250.0;;;;
Residencial Colina Park;11;15;RUA LOCAL 06;10.0;10.0;25.0;25.0;250.0;;;;
Residencial Colina Park;11;16;RUA LOCAL 06;10.0;10.0;25.0;25.0;250.0;;;;
Residencial Colina Park;11;17;RUA LOCAL 06;10.0;10.0;25.0;25.0;250.0;;;;
Residencial Colina Park;11;18;RUA LOCAL 06;10.0;10.0;25.0;25.0;250.0;;;;
Residencial Colina Park;11;19;RUA LOCAL 06;10.0;10.0;25.0;25.0;250.0;;;;
Residencial Colina Park;11;20;RUA LOCAL 06;10.0;10.0;25.0;25.0;250.0;;;;
Residencial Colina Park;11;21;RUA LOCAL 06;10.0;10.0;25.0;25.0;250.0;;;;
Residencial Colina Park;11;22;RUA LOCAL 06;20.0;;;;312.5;;;;
Residencial Colina Park;11;23;RUA ALIMENTADORA 04;12.0;12.0;25.0;25.0;300.0;;;;
Residencial Colina Park;11;24;RUA ALIMENTADORA 04;12.0;12.0;25.0;25.0;300.0;;;;
Residencial Colina Park;11;25;RUA LOCAL 07;20.0;;;;312.5;;;;
Residencial Colina Park;11;26;RUA LOCAL 07;10.0;10.0;25.0;25.0;250.0;;;;
Residencial Colina Park;11;27;RUA LOCAL 07;10.0;10.0;25.0;25.0;250.0;;;;
Residencial Colina Park;11;28;RUA LOCAL 07;10.0;10.0;25.0;25.0;250.0;;;;
Residencial Colina Park;11;29;RUA LOCAL 07;10.0;10.0;25.0;25.0;250.0;;;;
Residencial Colina Park;11;30;RUA LOCAL 07;10.0;10.0;25.0;25.0;250.0;;;;
Residencial Colina Park;11;31;RUA LOCAL 07;10.0;10.0;25.0;25.0;250.0;;;;
Residencial Colina Park;11;32;RUA LOCAL 07;10.0;10.0;25.0;25.0;250.0;;;;
Residencial Colina Park;11;33;RUA LOCAL 07;10.0;10.0;25.0;25.0;250.0;;;;
Residencial Colina Park;11;34;RUA LOCAL 07;10.0;10.0;25.0;25.0;250.0;;;;
Residencial Colina Park;11;35;RUA LOCAL 07;10.0;10.0;25.0;25.0;250.0;;;;
Residencial Colina Park;11;36;RUA LOCAL 07;10.0;10.0;25.0;25.0;250.0;;;;
Residencial Colina Park;11;37;RUA LOCAL 07;10.0;10.0;25.0;25.0;250.0;;;;
Residencial Colina Park;11;38;RUA LOCAL 07;10.0;10.0;25.0;25.0;250.0;;;;
Residencial Colina Park;11;39;RUA LOCAL 07;10.0;10.0;25.0;25.0;250.0;;;;
Residencial Colina Park;11;40;RUA LOCAL 07;10.0;10.0;25.0;25.0;250.0;;;;
Residencial Colina Park;11;41;RUA LOCAL 07;10.0;10.0;25.0;25.0;250.0;;;;
Residencial Colina Park;11;42;RUA LOCAL 07;10.0;10.0;25.0;25.0;250.0;;;;
Residencial Colina Park;11;43;RUA LOCAL 07;10.0;10.0;25.0;25.0;250.0;;;;
Residencial Colina Park;11;44;RUA LOCAL 07;10.0;10.0;25.0;25.0;250.0;;;;
Residencial Colina Park;11;45;RUA LOCAL 07;10.0;10.0;25.0;25.0;250.0;;;;
Residencial Colina Park;11;46;RUA LOCAL 07;16.53;;;;267.25;;;;
Residencial Colina Park;11;47;RUA LOCAL 05;12.05;12.04;21.53;21.53;259.32;;;;
Residencial Colina Park;11;48;RUA LOCAL 05;11.95;11.96;21.53;21.53;257.35;;;;
Residencial Colina Park;12;02;RUA LOCAL 07;12.75;;;;252.16;;;;
Residencial Colina Park;12;03;RUA LOCAL 07;10.0;10.02;29.92;29.22;295.57;;;;
Residencial Colina Park;12;04;RUA LOCAL 07;10.0;10.02;28.57;29.22;288.84;;;;
Residencial Colina Park;12;05;RUA LOCAL 07;10.0;;;;282.22;;;;
Residencial Colina Park;12;06;RUA LOCAL 07;10.0;10.02;27.2;27.89;275.37;;;;
Residencial Colina Park;12;07;RUA LOCAL 07;10.0;10.02;26.52;27.2;268.5;;;;
Residencial Colina Park;12;08;RUA LOCAL 07;10.0;10.02;25.83;26.52;261.62;;;;
Residencial Colina Park;12;09;RUA LOCAL 07;10.0;10.02;25.14;25.83;254.74;;;;
Residencial Colina Park;12;10;RUA LOCAL 07;10.0;;;;247.94;;;;
Residencial Colina Park;12;11;RUA LOCAL 07;10.0;10.02;23.81;24.47;241.31;;;;
Residencial Colina Park;12;12;RUA LOCAL 07;10.0;10.02;23.15;23.81;234.69;;;;
Residencial Colina Park;12;13;RUA LOCAL 07;10.0;10.02;22.48;23.15;228.07;;;;
Residencial Colina Park;12;14;RUA LOCAL 07;10.0;10.02;21.82;22.48;221.45;;;;
Residencial Colina Park;12;15;RUA LOCAL 07;10.0;;;;214.7;;;;
Residencial Colina Park;12;16;RUA LOCAL 07;10.0;10.02;20.44;21.13;207.79;;;;
Residencial Colina Park;12;17;RUA LOCAL 07;10.0;10.02;19.75;20.44;200.89;;;;
Residencial Colina Park;12;18;RUA LOCAL 07;10.5;10.53;19.03;19.75;203.59;;;;
Residencial Colina Park;12;19;RUA LOCAL 07;11.0;;;;205.18;;;;
Residencial Colina Park;12;20;RUA LOCAL 07;11.5;11.54;17.6;18.29;206.37;;;;
Residencial Colina Park;12;21;RUA LOCAL 07;12.0;12.04;16.71;17.6;205.89;;;;
Residencial Colina Park;12;22;RUA LOCAL 07;12.5;12.54;15.86;16.71;203.57;;;;
Residencial Colina Park;12;23;RUA LOCAL 07;16.27;;;;297.72;;;;
Residencial Colina Park;13;01;RUA ALIMENTADORA 04;19.0;;;;299.5;;;;
Residencial Colina Park;13;02;RUA LOCAL 05;12.0;12.0;24.0;24.0;288.0;;;;
Residencial Colina Park;13;03;RUA LOCAL 05;12.0;12.0;24.0;24.0;288.0;;;;
Residencial Colina Park;13;04;RUA ALIMENTADORA 04;19.0;;;;299.5;;;;
Residencial Colina Park;13;05;RUA ALIMENTADORA 04;12.0;12.0;25.0;25.0;300.0;;;;
Residencial Colina Park;13;06;RUA ALIMENTADORA 04;12.0;12.0;25.0;25.0;300.0;;;;
Residencial Colina Park;13;07;RUA ALIMENTADORA 04;12.0;12.0;25.0;25.0;300.0;;;;
Residencial Colina Park;13;08;RUA ALIMENTADORA 04;12.0;12.0;25.0;25.0;300.0;;;;
Residencial Colina Park;13;09;RUA ALIMENTADORA 04;12.0;12.0;25.0;25.0;300.0;;;;
Residencial Colina Park;13;10;RUA ALIMENTADORA 04;12.0;12.0;25.0;25.0;300.0;;;;
Residencial Colina Park;13;11;RUA ALIMENTADORA 04;12.0;12.0;25.0;25.0;300.0;;;;
Residencial Colina Park;13;12;RUA ALIMENTADORA 04;12.0;12.0;25.0;25.0;300.0;;;;
Residencial Colina Park;13;13;RUA ALIMENTADORA 03;20.06;;;;346.47;;;;
Residencial Colina Park;13;14;RUA ALIMENTADORA 03;20.09;;;;389.6;;;;
Residencial Colina Park;13;15;RUA ALIMENTADORA 04;12.0;12.0;25.0;25.0;300.0;;;;
Residencial Colina Park;13;16;RUA ALIMENTADORA 04;12.0;12.0;25.0;25.0;300.0;;;;
Residencial Colina Park;13;17;RUA ALIMENTADORA 04;12.0;12.0;25.0;25.0;300.0;;;;
Residencial Colina Park;13;18;RUA ALIMENTADORA 04;12.0;12.0;25.0;25.0;300.0;;;;
Residencial Colina Park;13;19;RUA ALIMENTADORA 04;12.0;12.0;25.0;25.0;300.0;;;;
Residencial Colina Park;13;20;RUA ALIMENTADORA 04;12.0;12.0;25.0;25.0;300.0;;;;
Residencial Colina Park;13;21;RUA ALIMENTADORA 04;12.0;12.0;25.0;25.0;300.0;;;;
Residencial Colina Park;13;22;RUA ALIMENTADORA 04;12.0;12.0;25.0;25.0;300.0;;;;
Residencial Colina Park;14;01;RUA ALIMENTADORA 04;20.0;;;;312.5;;;;
Residencial Colina Park;14;02;RUA LOCAL 02;12.0;12.0;25.0;25.0;300.0;;;;
Residencial Colina Park;14;03;RUA LOCAL 02;12.0;12.0;25.0;25.0;300.0;;;;
Residencial Colina Park;14;04;RUA ALIMENTADORA 04;20.0;;;;312.5;;;;
Residencial Colina Park;14;05;RUA ALIMENTADORA 04;12.0;12.0;25.0;25.0;300.0;;;;
Residencial Colina Park;14;06;RUA ALIMENTADORA 04;12.0;12.0;25.0;25.0;300.0;;;;
Residencial Colina Park;14;07;RUA ALIMENTADORA 04;12.0;12.0;25.0;25.0;300.0;;;;
Residencial Colina Park;14;08;RUA ALIMENTADORA 04;12.0;12.0;25.0;25.0;300.0;;;;
Residencial Colina Park;14;09;RUA ALIMENTADORA 04;12.0;12.0;25.0;25.0;300.0;;;;
Residencial Colina Park;14;10;RUA ALIMENTADORA 04;12.0;12.0;25.0;25.0;300.0;;;;
Residencial Colina Park;14;11;RUA ALIMENTADORA 04;12.0;12.0;25.0;25.0;300.0;;;;
Residencial Colina Park;14;12;RUA ALIMENTADORA 04;12.0;12.0;25.0;25.0;300.0;;;;
Residencial Colina Park;14;13;RUA ALIMENTADORA 04;12.0;12.0;25.0;25.0;300.0;;;;
Residencial Colina Park;14;14;RUA ALIMENTADORA 04;12.0;12.0;25.0;25.0;300.0;;;;
Residencial Colina Park;14;15;RUA ALIMENTADORA 04;12.0;12.0;25.0;25.0;300.0;;;;
Residencial Colina Park;14;16;RUA ALIMENTADORA 04;12.0;12.0;25.0;25.0;300.0;;;;
Residencial Colina Park;14;17;RUA ALIMENTADORA 04;12.0;12.0;25.0;25.0;300.0;;;;
Residencial Colina Park;14;18;RUA LOCAL 05;20.0;;;;333.49;;;;
Residencial Colina Park;14;19;RUA LOCAL 05;20.0;;;;333.5;;;;
Residencial Colina Park;14;20;RUA ALIMENTADORA 04;12.0;12.0;25.0;25.0;300.0;;;;
Residencial Colina Park;14;21;RUA ALIMENTADORA 04;12.0;12.0;25.0;25.0;300.0;;;;
Residencial Colina Park;14;22;RUA ALIMENTADORA 04;12.0;12.0;25.0;25.0;300.0;;;;
Residencial Colina Park;14;23;RUA ALIMENTADORA 04;12.0;12.0;25.0;25.0;300.0;;;;
Residencial Colina Park;14;24;RUA ALIMENTADORA 04;12.0;12.0;25.0;25.0;300.0;;;;
Residencial Colina Park;14;25;RUA ALIMENTADORA 04;12.0;12.0;25.0;25.0;300.0;;;;
Residencial Colina Park;14;26;RUA ALIMENTADORA 04;12.0;12.0;25.0;25.0;300.0;;;;
Residencial Colina Park;14;27;RUA ALIMENTADORA 04;12.0;12.0;25.0;25.0;300.0;;;;
Residencial Colina Park;14;28;RUA ALIMENTADORA 04;12.0;12.0;25.0;25.0;300.0;;;;
Residencial Colina Park;14;29;RUA ALIMENTADORA 04;12.0;12.0;25.0;25.0;300.0;;;;
Residencial Colina Park;14;30;RUA ALIMENTADORA 04;12.0;12.0;25.0;25.0;300.0;;;;
Residencial Colina Park;14;31;RUA ALIMENTADORA 04;12.0;12.0;25.0;25.0;300.0;;;;
Residencial Colina Park;14;32;RUA ALIMENTADORA 04;12.0;12.0;25.0;25.0;300.0;;;;
Residencial Colina Park;15;01;RUA ALIMENTADORA 04;8.0;;;;273.75;;;;
Residencial Colina Park;15;02;RUA LOCAL 05;8.0;;;;273.26;;;;
Residencial Colina Park;15;03;RUA LOCAL 05;10.0;10.0;22.0;22.0;220.0;;;;
Residencial Colina Park;15;04;RUA LOCAL 05;10.0;10.0;22.0;22.0;220.0;;;;
Residencial Colina Park;15;05;RUA LOCAL 05;10.0;10.0;22.0;22.0;220.0;;;;
Residencial Colina Park;15;06;RUA LOCAL 05;10.0;10.0;22.0;22.0;220.0;;;;
Residencial Colina Park;15;07;RUA LOCAL 05;10.0;10.0;22.0;22.0;220.0;;;;
Residencial Colina Park;15;08;RUA LOCAL 05;10.0;10.0;22.0;22.0;220.0;;;;
Residencial Colina Park;15;09;RUA LOCAL 05;10.0;10.0;22.0;22.0;220.0;;;;
Residencial Colina Park;15;10;RUA LOCAL 05;10.0;10.0;22.0;22.0;220.0;;;;
Residencial Colina Park;15;11;RUA LOCAL 05;10.0;10.0;22.0;22.0;220.0;;;;
Residencial Colina Park;15;12;RUA LOCAL 05;10.0;10.0;22.0;22.0;220.0;;;;
Residencial Colina Park;15;13;RUA LOCAL 05;10.0;10.0;22.0;22.0;220.0;;;;
Residencial Colina Park;15;14;RUA LOCAL 05;10.0;10.0;22.0;22.0;220.0;;;;
Residencial Colina Park;15;15;RUA LOCAL 05;10.0;10.0;22.0;22.0;220.0;;;;
Residencial Colina Park;15;16;RUA LOCAL 05;10.0;10.0;22.0;22.0;220.0;;;;
Residencial Colina Park;15;17;RUA LOCAL 05;10.0;10.0;22.0;22.0;220.0;;;;
Residencial Colina Park;15;18;RUA LOCAL 05;10.0;10.0;22.0;22.0;220.0;;;;
Residencial Colina Park;15;19;RUA LOCAL 05;10.0;10.0;22.0;22.0;219.99;;;;
Residencial Colina Park;15;20;RUA LOCAL 05;17.0;;;;247.95;;;;
Residencial Colina Park;15;21;RUA LOCAL 05;17.0;;;;247.95;;;;
Residencial Colina Park;15;22;RUA ALIMENTADORA 04;10.0;10.0;22.0;22.0;219.99;;;;
Residencial Colina Park;15;23;RUA ALIMENTADORA 04;10.0;10.0;22.0;22.0;220.0;;;;
Residencial Colina Park;15;24;RUA ALIMENTADORA 04;10.0;10.0;22.0;22.0;220.0;;;;
Residencial Colina Park;15;25;RUA ALIMENTADORA 04;10.0;10.0;22.0;22.0;220.0;;;;
Residencial Colina Park;15;26;RUA ALIMENTADORA 04;10.0;10.0;22.0;22.0;220.0;;;;
Residencial Colina Park;15;27;RUA ALIMENTADORA 04;10.0;10.0;22.0;22.0;220.0;;;;
Residencial Colina Park;15;28;RUA ALIMENTADORA 04;10.0;10.0;22.0;22.0;220.0;;;;
Residencial Colina Park;15;29;RUA ALIMENTADORA 04;10.0;10.0;22.0;22.0;220.0;;;;
Residencial Colina Park;15;30;RUA ALIMENTADORA 04;10.0;10.0;22.0;22.0;220.0;;;;
Residencial Colina Park;15;31;RUA ALIMENTADORA 04;10.0;10.0;22.0;22.0;220.0;;;;
Residencial Colina Park;15;32;RUA ALIMENTADORA 04;10.0;10.0;22.0;22.0;220.0;;;;
Residencial Colina Park;15;33;RUA ALIMENTADORA 04;10.0;10.0;22.0;22.0;220.0;;;;
Residencial Colina Park;15;34;RUA ALIMENTADORA 04;10.0;10.0;22.0;22.0;220.0;;;;
Residencial Colina Park;15;35;RUA ALIMENTADORA 04;10.0;10.0;22.0;22.0;220.0;;;;
Residencial Colina Park;15;36;RUA ALIMENTADORA 04;10.0;10.0;22.0;22.0;220.0;;;;
Residencial Colina Park;15;37;RUA ALIMENTADORA 04;10.0;10.0;22.0;22.0;220.0;;;;
Residencial Colina Park;15;38;RUA ALIMENTADORA 04;10.0;10.0;22.0;22.0;220.0;;;;
Residencial Colina Park;16;01;RUA LOCAL 05;17.0;;;;218.52;;;;
Residencial Colina Park;16;02;RUA LOCAL 05;17.0;;;;218.53;;;;
Residencial Colina Park;16;03;RUA LOCAL 05;10.0;10.0;22.0;22.0;220.0;;;;
Residencial Colina Park;16;04;RUA LOCAL 05;10.0;10.0;22.0;22.0;220.0;;;;
Residencial Colina Park;16;05;RUA LOCAL 05;10.0;10.0;22.0;22.0;220.0;;;;
Residencial Colina Park;16;06;RUA LOCAL 05;10.0;10.0;22.0;22.0;220.0;;;;
Residencial Colina Park;16;07;RUA LOCAL 05;10.0;10.0;22.0;22.0;220.0;;;;
Residencial Colina Park;16;08;RUA LOCAL 05;10.0;10.0;22.0;22.0;220.0;;;;
Residencial Colina Park;16;09;RUA LOCAL 05;10.0;10.0;22.0;22.0;220.0;;;;
Residencial Colina Park;16;10;RUA LOCAL 05;10.0;10.0;22.0;22.0;220.0;;;;
Residencial Colina Park;16;11;RUA LOCAL 05;10.0;10.0;22.0;22.0;220.0;;;;
Residencial Colina Park;16;12;RUA LOCAL 05;10.0;10.0;22.0;22.0;220.0;;;;
Residencial Colina Park;16;13;RUA LOCAL 05;14.43;;;;225.3;;;;
Residencial Colina Park;16;14;RUA ALIMENTADORA 03;10.02;10.0;20.19;20.83;205.11;;;;
Residencial Colina Park;16;15;RUA ALIMENTADORA 03;17.04;;;;241.05;;;;
Residencial Colina Park;16;16;RUA ALIMENTADORA 04;10.0;10.0;22.0;22.0;220.0;;;;
Residencial Colina Park;16;17;RUA ALIMENTADORA 04;10.0;10.0;22.0;22.0;220.0;;;;
Residencial Colina Park;16;18;RUA ALIMENTADORA 04;10.0;10.0;22.0;22.0;220.0;;;;
Residencial Colina Park;16;19;RUA ALIMENTADORA 04;10.0;10.0;22.0;22.0;220.0;;;;
Residencial Colina Park;16;20;RUA ALIMENTADORA 04;10.0;10.0;22.0;22.0;220.0;;;;
Residencial Colina Park;16;21;RUA ALIMENTADORA 04;10.0;10.0;22.0;22.0;220.0;;;;
Residencial Colina Park;16;22;RUA ALIMENTADORA 04;10.0;10.0;22.0;22.0;220.0;;;;
Residencial Colina Park;16;23;RUA ALIMENTADORA 04;10.0;10.0;22.0;22.0;220.0;;;;
Residencial Colina Park;16;24;RUA ALIMENTADORA 04;10.0;10.0;22.0;22.0;220.0;;;;
Residencial Colina Park;16;25;RUA ALIMENTADORA 04;10.0;10.0;22.0;22.0;220.0;;;;
Residencial Colina Park;16;26;RUA ALIMENTADORA 04;10.0;10.0;22.0;22.0;220.02;;;;
Residencial Colina Park;17;01;RUA LOCAL 05;17.0;;;;218.5;;;;
Residencial Colina Park;17;02;RUA LOCAL 05;17.0;;;;218.5;;;;
Residencial Colina Park;17;03;RUA ALIMENTADORA 06;10.0;10.0;22.0;22.0;220.0;;;;
Residencial Colina Park;17;04;RUA ALIMENTADORA 06;10.0;10.0;22.0;22.0;220.0;;;;
Residencial Colina Park;17;05;RUA ALIMENTADORA 06;10.0;10.0;22.0;22.0;220.0;;;;
Residencial Colina Park;17;06;RUA ALIMENTADORA 06;10.0;10.0;22.0;22.0;220.0;;;;
Residencial Colina Park;17;07;RUA ALIMENTADORA 06;10.0;10.0;22.0;22.0;220.0;;;;
Residencial Colina Park;17;08;RUA ALIMENTADORA 06;10.0;10.0;22.0;22.0;220.0;;;;
Residencial Colina Park;17;09;RUA ALIMENTADORA 06;10.0;10.0;22.0;22.0;220.0;;;;
Residencial Colina Park;17;10;RUA ALIMENTADORA 06;10.0;10.0;22.0;22.0;220.0;;;;
Residencial Colina Park;17;11;RUA ALIMENTADORA 06;10.0;10.0;22.0;22.0;220.0;;;;
Residencial Colina Park;17;12;RUA ALIMENTADORA 06;10.0;10.0;22.0;22.0;220.0;;;;
Residencial Colina Park;17;13;RUA ALIMENTADORA 03;11.03;;;;249.81;;;;
Residencial Colina Park;17;14;RUA ALIMENTADORA 03;12.02;12.0;17.66;16.9;207.35;;;;
Residencial Colina Park;17;15;RUA LOCAL 05;13.67;;;;278.18;;;;
Residencial Colina Park;17;16;RUA LOCAL 05;10.0;10.0;22.0;22.0;220.0;;;;
Residencial Colina Park;17;17;RUA LOCAL 05;10.0;10.0;22.0;22.0;220.0;;;;
Residencial Colina Park;17;18;RUA LOCAL 05;10.0;10.0;22.0;22.0;220.0;;;;
Residencial Colina Park;17;19;RUA LOCAL 05;10.0;10.0;22.0;22.0;220.0;;;;
Residencial Colina Park;17;20;RUA LOCAL 05;10.0;10.0;22.0;22.0;220.0;;;;
Residencial Colina Park;17;21;RUA LOCAL 05;10.0;10.0;22.0;22.0;220.0;;;;
Residencial Colina Park;17;22;RUA LOCAL 05;10.0;10.0;22.0;22.0;220.0;;;;
Residencial Colina Park;17;23;RUA LOCAL 05;10.0;10.0;22.0;22.0;220.0;;;;
Residencial Colina Park;17;24;RUA LOCAL 05;10.0;10.0;22.0;22.0;220.0;;;;
Residencial Colina Park;17;25;RUA LOCAL 05;10.0;10.0;22.0;22.0;220.0;;;;
Residencial Colina Park;18;01;RUA LOCAL 05;8.0;;;;273.5;;;;
Residencial Colina Park;18;02;RUA LOCAL 02;17.0;;;;273.5;;;;
Residencial Colina Park;18;03;RUA ALIMENTADORA 06;10.0;10.0;22.0;22.0;220.0;;;;
Residencial Colina Park;18;04;RUA ALIMENTADORA 06;10.0;10.0;22.0;22.0;220.0;;;;
Residencial Colina Park;18;05;RUA ALIMENTADORA 06;10.0;10.0;22.0;22.0;220.0;;;;
Residencial Colina Park;18;06;RUA ALIMENTADORA 06;10.0;10.0;22.0;22.0;220.0;;;;
Residencial Colina Park;18;07;RUA ALIMENTADORA 06;10.0;10.0;22.0;22.0;220.0;;;;
Residencial Colina Park;18;08;RUA ALIMENTADORA 06;10.0;10.0;22.0;22.0;220.0;;;;
Residencial Colina Park;18;09;RUA ALIMENTADORA 06;10.0;10.0;22.0;22.0;220.0;;;;
Residencial Colina Park;18;10;RUA ALIMENTADORA 06;10.0;10.0;22.0;22.0;220.0;;;;
Residencial Colina Park;18;11;RUA ALIMENTADORA 06;10.0;10.0;22.0;22.0;220.0;;;;
Residencial Colina Park;18;12;RUA ALIMENTADORA 06;10.0;10.0;22.0;22.0;220.0;;;;
Residencial Colina Park;18;13;RUA LOCAL 12;10.0;10.0;22.0;22.0;220.0;;;;
Residencial Colina Park;18;14;RUA ALIMENTADORA 06;10.0;10.0;22.0;22.0;220.0;;;;
Residencial Colina Park;18;15;RUA ALIMENTADORA 06;10.0;10.0;22.0;22.0;220.0;;;;
Residencial Colina Park;18;16;RUA ALIMENTADORA 06;10.0;10.0;22.0;22.0;220.0;;;;
Residencial Colina Park;18;17;RUA ALIMENTADORA 06;10.0;10.0;22.0;22.0;220.0;;;;
Residencial Colina Park;18;18;RUA ALIMENTADORA 06;10.0;10.0;22.0;22.0;220.0;;;;
Residencial Colina Park;18;19;RUA ALIMENTADORA 06;10.0;10.0;22.0;22.0;220.0;;;;
Residencial Colina Park;18;20;RUA LOCAL 05;17.0;;;;248.1;;;;
Residencial Colina Park;18;21;RUA LOCAL 05;17.0;;;;247.91;;;;
Residencial Colina Park;18;22;RUA LOCAL 05;10.0;10.0;22.0;22.0;220.01;;;;
Residencial Colina Park;18;23;RUA LOCAL 05;10.0;10.0;22.0;22.0;220.01;;;;
Residencial Colina Park;18;24;RUA LOCAL 05;10.0;10.0;22.0;22.0;220.01;;;;
Residencial Colina Park;18;25;RUA LOCAL 05;10.0;10.0;22.0;22.0;220.01;;;;
Residencial Colina Park;18;26;RUA LOCAL 05;10.0;10.0;22.0;22.0;220.01;;;;
Residencial Colina Park;18;27;RUA LOCAL 05;10.0;10.0;22.0;22.0;220.01;;;;
Residencial Colina Park;18;28;RUA LOCAL 05;10.0;10.0;22.0;22.0;220.01;;;;
Residencial Colina Park;18;29;RUA LOCAL 05;10.0;10.0;22.0;22.0;220.01;;;;
Residencial Colina Park;18;30;RUA LOCAL 05;10.0;10.0;22.0;22.0;220.01;;;;
Residencial Colina Park;18;31;RUA LOCAL 05;10.0;10.0;22.0;22.0;220.01;;;;
Residencial Colina Park;18;32;RUA LOCAL 05;10.0;10.0;22.0;22.0;220.01;;;;
Residencial Colina Park;18;33;RUA LOCAL 05;10.0;10.0;22.0;22.0;220.01;;;;
Residencial Colina Park;18;34;RUA LOCAL 05;10.0;10.0;22.0;22.0;220.01;;;;
Residencial Colina Park;18;35;RUA LOCAL 05;10.0;10.0;22.0;22.0;220.01;;;;
Residencial Colina Park;18;36;RUA LOCAL 05;10.0;10.0;22.0;22.0;220.01;;;;
Residencial Colina Park;18;37;RUA LOCAL 05;10.0;10.0;22.0;22.0;220.01;;;;
Residencial Colina Park;18;38;RUA LOCAL 05;10.0;10.0;22.0;22.0;220.01;;;;
Residencial Colina Park;19;01;RUA LOCAL 08;20.0;;;;400.0;;;;
Residencial Colina Park;19;01;RUA LOCAL 08;20.0;;;;400.0;;;;
Residencial Colina Park;19;02;AVENIDA 01;12.0;12.0;25.0;25.0;300.0;;;;
Residencial Colina Park;19;03;AVENIDA 01;12.0;12.0;25.0;25.0;300.0;;;;
Residencial Colina Park;19;04;AVENIDA 01;12.0;12.0;25.0;25.0;300.0;;;;
Residencial Colina Park;19;05;AVENIDA 01;12.0;12.0;25.0;25.0;300.0;;;;
Residencial Colina Park;19;06;AVENIDA 01;12.0;12.0;25.0;25.0;300.0;;;;
Residencial Colina Park;19;07;AVENIDA 01;12.0;12.0;25.0;25.0;300.0;;;;
Residencial Colina Park;19;08;AVENIDA 01;12.0;12.0;25.0;25.0;300.0;;;;
Residencial Colina Park;19;09;AVENIDA 01;12.0;12.0;25.0;25.0;300.0;;;;
Residencial Colina Park;19;10;AVENIDA 01;12.0;12.0;25.0;25.0;300.0;;;;
Residencial Colina Park;19;11;AVENIDA 01;12.0;12.0;25.0;25.0;300.0;;;;
Residencial Colina Park;19;12;AVENIDA 01;12.0;12.0;25.0;25.0;300.0;;;;
Residencial Colina Park;19;13;AVENIDA 01;12.0;12.0;25.0;25.0;300.0;;;;
Residencial Colina Park;19;14;AVENIDA 01;12.0;12.0;25.0;25.0;300.0;;;;
Residencial Colina Park;19;15;RUA LOCAL 02;12.02;;;;341.25;;;;
Residencial Colina Park;19;16;RUA LOCAL 02;12.0;;;;304.42;;;;
Residencial Colina Park;19;17;RUA LOCAL 02;20.0;;;;321.71;;;;
Residencial Colina Park;19;18;RUA LOCAL 05;12.0;12.0;25.0;25.0;300.0;;;;
Residencial Colina Park;19;19;RUA LOCAL 05;12.0;12.0;25.0;25.0;300.0;;;;
Residencial Colina Park;19;20;RUA ALIMENTADORA 01;20.01;;;;389.18;;;;
Residencial Colina Park;19;21;RUA ALIMENTADORA 01;12.01;;;;329.95;;;;
Residencial Colina Park;19;22;RUA ALIMENTADORA 01;14.48;;;;389.97;;;;
Residencial Colina Park;19;23;RUA ALIMENTADORA 02;13.33;;;;412.94;;;;
Residencial Colina Park;19;24;RUA ALIMENTADORA 02;12.0;12.0;25.0;25.0;300.0;;;;
Residencial Colina Park;19;25;RUA ALIMENTADORA 02;12.0;12.0;25.0;25.0;300.0;;;;
Residencial Colina Park;19;26;RUA ALIMENTADORA 02;12.0;12.0;25.0;25.0;300.0;;;;
Residencial Colina Park;19;27;RUA ALIMENTADORA 02;12.0;12.0;25.0;25.0;300.0;;;;
Residencial Colina Park;19;28;RUA ALIMENTADORA 02;12.0;12.0;25.0;25.0;300.0;;;;
Residencial Colina Park;19;29;RUA ALIMENTADORA 02;12.0;12.0;25.0;25.0;300.0;;;;
Residencial Colina Park;19;30;RUA ALIMENTADORA 02;12.0;12.0;25.0;25.0;300.0;;;;
Residencial Colina Park;19;31;RUA ALIMENTADORA 02;12.0;12.0;25.0;25.0;300.0;;;;
Residencial Colina Park;19;32;RUA ALIMENTADORA 02;12.0;12.0;25.0;25.0;300.0;;;;
Residencial Colina Park;19;33;RUA ALIMENTADORA 02;12.0;12.0;25.0;25.0;300.0;;;;
Residencial Colina Park;19;34;RUA ALIMENTADORA 02;12.0;12.0;25.0;25.0;300.0;;;;
Residencial Colina Park;19;35;RUA LOCAL 08;20.0;;;;400.0;;;;
Residencial Colina Park;20;01;RUA ALIMENTADORA 02;16.0;;;;239.5;;;;
Residencial Colina Park;20;02;RUA ALIMENTADORA 02;10.0;10.0;20.0;20.0;200.0;;;;
Residencial Colina Park;20;03;RUA ALIMENTADORA 02;10.0;10.0;20.0;20.0;200.0;;;;
Residencial Colina Park;20;04;RUA ALIMENTADORA 02;10.0;10.0;20.0;20.0;200.0;;;;
Residencial Colina Park;20;05;RUA ALIMENTADORA 02;10.0;10.0;20.0;20.0;200.0;;;;
Residencial Colina Park;20;06;RUA ALIMENTADORA 02;10.0;10.0;20.0;20.0;200.0;;;;
Residencial Colina Park;20;07;RUA ALIMENTADORA 01;10.21;10.0;30.2;28.12;291.6;;;;
Residencial Colina Park;20;08;RUA ALIMENTADORA 01;9.54;;;;273.06;;;;
Residencial Colina Park;20;09;RUA ALIMENTADORA 01;10.12;10.0;26.52;24.95;257.35;;;;
Residencial Colina Park;20;10;RUA ALIMENTADORA 01;10.12;10.0;24.95;23.38;241.64;;;;
Residencial Colina Park;20;11;RUA ALIMENTADORA 01;10.12;10.0;23.38;21.81;225.93;;;;
Residencial Colina Park;20;12;RUA ALIMENTADORA 01;10.12;10.0;21.81;20.24;210.23;;;;
Residencial Colina Park;20;13;RUA ALIMENTADORA 01;12.15;12.0;20.24;18.35;231.54;;;;
Residencial Colina Park;20;14;RUA ALIMENTADORA 01;12.48;;;;225.31;;;;
Residencial Colina Park;20;15;RUA ALIMENTADORA 01;31.58;;;;336.05;;;;
Residencial Colina Park;20;16;RUA ALIMENTADORA 01;20.43;;;;245.58;;;;
Residencial Colina Park;20;17;RUA ALIMENTADORA 01;18.39;;;;292.14;;;;
Residencial Colina Park;20;18;RUA ALIMENTADORA 01;12.26;;;;232.19;;;;
Residencial Colina Park;20;19;RUA ALIMENTADORA 01;10.21;10.0;20.68;18.6;196.37;;;;
Residencial Colina Park;20;20;RUA LOCAL 08;17.96;;;;227.78;;;;
Residencial Colina Park;20;21;RUA LOCAL 08;10.0;10.0;21.0;21.0;210.0;;;;
Residencial Colina Park;21;02;AVENIDA 01;12.0;12.0;25.0;25.0;300.0;;;;
Residencial Colina Park;21;03;RUA LOCAL 08;0.0;;;;287.5;;;;
Residencial Colina Park;21;04;RUA LOCAL 08;12.0;12.0;22.0;22.0;264.0;;;;
Residencial Colina Park;21;05;RUA LOCAL 08;12.0;12.0;22.0;22.0;264.0;;;;
Residencial Colina Park;21;06;RUA LOCAL 08;12.0;12.0;22.0;22.0;264.0;;;;
Residencial Colina Park;21;07;RUA LOCAL 08;12.0;12.0;22.0;22.0;264.0;;;;
Residencial Colina Park;21;08;RUA LOCAL 08;12.0;12.0;22.0;22.0;264.0;;;;
Residencial Colina Park;21;09;RUA LOCAL 08;12.0;12.0;22.0;22.0;264.0;;;;
Residencial Colina Park;21;10;RUA ALIMENTADORA 01;13.02;;;;254.83;;;;
Residencial Colina Park;21;11;RUA ALIMENTADORA 01;14.42;14.0;17.41;20.86;267.86;;;;
Residencial Colina Park;21;12;RUA LOCAL 09;18.93;;;;267.8;;;;
Residencial Colina Park;21;13;RUA LOCAL 09;12.0;12.0;22.0;22.0;264.0;;;;
Residencial Colina Park;21;14;RUA LOCAL 09;12.0;12.0;22.0;22.0;264.0;;;;
Residencial Colina Park;21;15;RUA LOCAL 09;12.0;12.0;22.0;22.0;264.0;;;;
Residencial Colina Park;21;16;RUA LOCAL 09;12.0;12.0;22.0;22.0;264.0;;;;
Residencial Colina Park;21;17;RUA LOCAL 09;12.0;12.0;22.0;22.0;264.0;;;;
Residencial Colina Park;21;18;RUA LOCAL 09;12.0;12.0;22.0;22.0;264.0;;;;
Residencial Colina Park;22;01;RUA ALIMENTADORA 01;11.48;;;;261.52;;;;
Residencial Colina Park;22;02;RUA ALIMENTADORA 01;12.36;;;;246.6;;;;
Residencial Colina Park;22;03;RUA LOCAL 10;20.97;;;;371.82;;;;
Residencial Colina Park;22;04;RUA LOCAL 10;12.0;12.0;22.0;22.0;264.0;;;;
Residencial Colina Park;22;05;RUA LOCAL 10;12.0;12.0;22.0;22.0;264.0;;;;
Residencial Colina Park;22;06;RUA LOCAL 10;12.0;12.0;22.0;22.0;264.0;;;;
Residencial Colina Park;22;07;RUA LOCAL 10;12.0;12.0;22.0;22.0;264.0;;;;
Residencial Colina Park;22;08;RUA LOCAL 10;12.0;12.0;22.0;22.0;264.0;;;;
Residencial Colina Park;22;09;RUA LOCAL 10;12.0;12.0;22.0;22.0;264.0;;;;
Residencial Colina Park;22;10;RUA LOCAL 10;12.0;12.0;22.0;22.0;264.0;;;;
Residencial Colina Park;22;11;RUA LOCAL 10;0.0;;;;287.5;;;;
Residencial Colina Park;22;12;AVENIDA 01;12.0;12.0;25.0;25.0;300.0;;;;
Residencial Colina Park;22;14;RUA LOCAL 09;12.0;12.0;22.0;22.0;264.0;;;;
Residencial Colina Park;22;15;RUA LOCAL 09;12.0;12.0;22.0;22.0;264.0;;;;
Residencial Colina Park;22;16;RUA LOCAL 09;12.0;12.0;22.0;22.0;264.0;;;;
Residencial Colina Park;22;17;RUA LOCAL 09;12.0;12.0;22.0;22.0;264.0;;;;
Residencial Colina Park;22;18;RUA LOCAL 09;12.0;12.0;22.0;22.0;264.0;;;;
Residencial Colina Park;22;19;RUA LOCAL 09;12.0;12.0;22.0;22.0;264.0;;;;
Residencial Colina Park;22;20;RUA LOCAL 09;12.0;12.0;22.0;22.0;264.0;;;;
Residencial Colina Park;23;01;RUA LOCAL 10;10.0;;;;317.5;;;;
Residencial Colina Park;23;02;RUA LOCAL 10;10.0;10.0;22.0;22.0;220.0;;;;
Residencial Colina Park;23;03;RUA LOCAL 10;10.0;10.0;22.0;22.0;220.0;;;;
Residencial Colina Park;23;04;RUA LOCAL 10;10.0;10.0;22.0;22.0;220.0;;;;
Residencial Colina Park;23;05;RUA LOCAL 10;10.0;10.0;22.0;22.0;220.0;;;;
Residencial Colina Park;23;06;RUA LOCAL 10;10.0;10.0;22.0;22.0;220.0;;;;
Residencial Colina Park;23;07;RUA LOCAL 10;10.0;10.0;22.0;22.0;220.0;;;;
Residencial Colina Park;23;08;RUA LOCAL 10;10.0;10.0;22.0;22.0;220.0;;;;
Residencial Colina Park;23;09;RUA LOCAL 10;10.0;10.0;22.0;22.0;220.0;;;;
Residencial Colina Park;23;10;RUA LOCAL 10;10.0;10.0;22.0;22.0;220.0;;;;
Residencial Colina Park;23;11;RUA LOCAL 10;10.0;10.0;22.0;22.0;220.0;;;;
Residencial Colina Park;23;12;RUA LOCAL 10;10.0;10.0;22.0;22.0;220.0;;;;
Residencial Colina Park;23;13;RUA AL. 01;17.0;;;;256.49;;;;
Residencial Colina Park;23;14;RUA AL. 01;17.0;;;;260.16;;;;
Residencial Colina Park;23;15;RUA LOCAL 11;10.0;10.0;22.0;22.0;220.0;;;;
Residencial Colina Park;23;16;RUA LOCAL 11;10.0;10.0;22.0;22.0;220.0;;;;
Residencial Colina Park;23;17;RUA LOCAL 11;10.0;10.0;22.0;22.0;220.0;;;;
Residencial Colina Park;23;18;RUA LOCAL 11;10.0;10.0;22.0;22.0;220.0;;;;
Residencial Colina Park;23;19;RUA LOCAL 11;10.0;10.0;22.0;22.0;220.0;;;;
Residencial Colina Park;23;20;RUA LOCAL 11;10.0;10.0;22.0;22.0;220.0;;;;
Residencial Colina Park;23;21;RUA LOCAL 11;10.0;10.0;22.0;22.0;220.0;;;;
Residencial Colina Park;23;22;RUA LOCAL 11;10.0;10.0;22.0;22.0;220.0;;;;
Residencial Colina Park;23;23;RUA LOCAL 11;10.0;10.0;22.0;22.0;220.0;;;;
Residencial Colina Park;23;24;RUA LOCAL 11;10.0;10.0;22.0;22.0;220.0;;;;
Residencial Colina Park;23;25;RUA LOCAL 11;10.0;10.0;22.0;22.0;220.0;;;;
Residencial Colina Park;23;26;RUA LOCAL 11;10.0;;;;317.5;;;;
Residencial Colina Park;24;01;RUA ALIMENTADORA 06;20.8;;;;292.95;;;;
Residencial Colina Park;24;02;AVENIDA 01;12.0;12.0;25.0;25.0;300.0;;;;
Residencial Colina Park;24;03;AVENIDA 01;12.0;12.0;25.0;25.0;300.0;;;;
Residencial Colina Park;24;04;AVENIDA 01;12.0;12.0;25.0;25.0;300.0;;;;
Residencial Colina Park;24;05;AVENIDA 01;12.0;12.0;25.0;25.0;300.0;;;;
Residencial Colina Park;24;06;AVENIDA 01;12.0;12.0;25.0;25.0;300.0;;;;
Residencial Colina Park;24;07;AVENIDA 01;12.0;12.0;25.0;25.0;300.0;;;;
Residencial Colina Park;24;08;AVENIDA 01;12.0;12.0;25.0;25.0;300.0;;;;
Residencial Colina Park;24;09;AVENIDA 01;12.0;12.0;25.0;25.0;300.0;;;;
Residencial Colina Park;24;10;AVENIDA 01;12.0;12.0;25.0;25.0;300.0;;;;
Residencial Colina Park;24;11;AVENIDA 01;12.0;12.0;25.0;25.0;300.0;;;;
Residencial Colina Park;24;12;AVENIDA 01;12.0;12.0;25.0;25.0;300.0;;;;
Residencial Colina Park;24;13;AVENIDA 01;12.0;12.0;25.0;25.0;300.0;;;;
Residencial Colina Park;24;14;AVENIDA 01;12.0;12.0;25.0;25.0;300.0;;;;
Residencial Colina Park;24;15;AVENIDA 01;12.0;12.0;25.0;25.0;300.0;;;;
Residencial Colina Park;24;16;RUA LOCAL 08;12.0;12.0;25.0;25.0;300.0;;;;
Residencial Colina Park;24;17;AVENIDA 01;12.0;12.0;25.0;25.0;300.0;;;;
Residencial Colina Park;24;18;AVENIDA 01;0.16;;;;274.8;;;;
Residencial Colina Park;24;19;AVENIDA 02;9.45;;;;253.34;;;;
Residencial Colina Park;24;20;AVENIDA 02;12.0;12.0;25.0;25.0;300.0;;;;
Residencial Colina Park;24;21;RUA ALIMENTADORA 07;20.0;;;;312.5;;;;
Residencial Colina Park;24;22;RUA ALIMENTADORA 07;12.0;;;;300.0;;;;
Residencial Colina Park;24;23;RUA ALIMENTADORA 07;12.0;12.0;25.0;25.0;300.0;;;;
Residencial Colina Park;24;24;RUA ALIMENTADORA 07;12.0;12.0;25.0;25.0;300.0;;;;
Residencial Colina Park;24;25;RUA ALIMENTADORA 07;12.0;12.0;25.0;25.0;300.0;;;;
Residencial Colina Park;24;26;RUA ALIMENTADORA 07;12.0;12.0;25.0;25.0;300.0;;;;
Residencial Colina Park;24;27;RUA ALIMENTADORA 07;12.0;12.0;25.0;25.0;300.0;;;;
Residencial Colina Park;24;28;RUA ALIMENTADORA 07;12.0;12.0;25.0;25.0;300.0;;;;
Residencial Colina Park;24;29;RUA ALIMENTADORA 07;12.0;12.0;25.0;25.0;300.0;;;;
Residencial Colina Park;24;30;RUA ALIMENTADORA 07;12.0;12.0;25.0;25.0;300.0;;;;
Residencial Colina Park;24;31;RUA ALIMENTADORA 07;12.0;12.0;25.0;25.0;300.0;;;;
Residencial Colina Park;24;32;RUA ALIMENTADORA 07;12.0;12.0;25.0;25.0;300.0;;;;
Residencial Colina Park;24;33;RUA ALIMENTADORA 07;12.0;12.0;25.0;25.0;300.0;;;;
Residencial Colina Park;24;34;RUA ALIMENTADORA 07;12.0;12.0;25.0;25.0;300.0;;;;
Residencial Colina Park;24;35;RUA ALIMENTADORA 07;12.0;12.0;25.0;25.0;300.0;;;;
Residencial Colina Park;24;36;RUA ALIMENTADORA 07;12.0;12.0;25.0;25.0;300.0;;;;
Residencial Colina Park;24;37;RUA ALIMENTADORA 07;12.0;12.0;25.0;25.0;300.0;;;;
Residencial Colina Park;24;38;RUA ALIMENTADORA 06;20.8;;;;452.51;;;;
Residencial Colina Park;25;01;RUA ALIMENTADORA 07;20.0;;;;312.5;;;;
Residencial Colina Park;25;02;AVENIDA 02;12.0;12.0;25.0;25.0;300.0;;;;
Residencial Colina Park;25;03;AVENIDA 02;9.45;;;;253.34;;;;
Residencial Colina Park;25;04;AVENIDA 01;0.16;;;;274.8;;;;
Residencial Colina Park;25;05;AVENIDA 01;12.0;12.0;25.0;25.0;300.0;;;;
Residencial Colina Park;25;06;RUA LOCAL 10;12.0;12.0;25.0;25.0;300.0;;;;
Residencial Colina Park;25;07;AVENIDA 01;12.0;12.0;25.0;25.0;300.0;;;;
Residencial Colina Park;25;08;AVENIDA 01;12.0;12.0;25.0;25.0;300.0;;;;
Residencial Colina Park;25;09;AVENIDA 01;12.0;12.0;25.0;25.0;300.0;;;;
Residencial Colina Park;25;10;AVENIDA 01;12.0;12.0;25.0;25.0;300.0;;;;
Residencial Colina Park;25;11;RUA LOCAL 11;12.0;12.0;25.0;25.0;300.0;;;;
Residencial Colina Park;25;12;AVENIDA 01;12.0;12.0;25.0;25.0;300.0;;;;
Residencial Colina Park;25;13;AVENIDA 01;12.0;12.0;25.0;25.0;300.0;;;;
Residencial Colina Park;25;14;AVENIDA 01;12.0;12.0;25.0;25.0;300.0;;;;
Residencial Colina Park;25;15;AVENIDA 01;12.0;12.0;25.0;25.0;300.0;;;;
Residencial Colina Park;25;16;AVENIDA 01;15.59;18.85;25.21;25.0;430.51;;;;
Residencial Colina Park;25;17;RUA ALIMENTADORA 07;12.1;8.85;25.21;25.0;261.93;;;;
Residencial Colina Park;25;18;RUA ALIMENTADORA 07;10.0;10.0;25.0;25.0;250.0;;;;
Residencial Colina Park;25;19;RUA ALIMENTADORA 07;12.0;12.0;25.0;25.0;300.0;;;;
Residencial Colina Park;25;20;RUA ALIMENTADORA 07;12.0;12.0;25.0;25.0;300.0;;;;
Residencial Colina Park;25;21;RUA ALIMENTADORA 07;12.0;12.0;25.0;25.0;300.0;;;;
Residencial Colina Park;25;22;RUA ALIMENTADORA 07;12.0;12.0;25.0;25.0;300.0;;;;
Residencial Colina Park;25;23;RUA ALIMENTADORA 07;12.0;12.0;25.0;25.0;300.0;;;;
Residencial Colina Park;25;24;RUA ALIMENTADORA 07;12.0;12.0;25.0;25.0;300.0;;;;
Residencial Colina Park;25;25;RUA ALIMENTADORA 07;12.0;12.0;25.0;25.0;300.0;;;;
Residencial Colina Park;25;26;RUA ALIMENTADORA 07;12.0;12.0;25.0;25.0;300.0;;;;
Residencial Colina Park;25;27;RUA ALIMENTADORA 07;12.0;12.0;25.0;25.0;300.0;;;;
Residencial Colina Park;25;28;RUA ALIMENTADORA 07;12.0;12.0;25.0;25.0;300.0;;;;
Residencial Colina Park;25;29;RUA ALIMENTADORA 07;12.0;;;;300.0;;;;
Residencial Colina Park;26;01;RUA ALIMENTADORA 10;15.33;12.07;25.0;25.21;342.42;;;;
Residencial Colina Park;26;02;RUA ALIMENTADORA 10;10.0;10.0;25.0;25.0;250.0;;;;
Residencial Colina Park;26;03;RUA ALIMENTADORA 10;20.0;;;;287.5;;;;
Residencial Colina Park;26;04;RUA ALIMENTADORA 10;10.0;;;;334.17;;;;
Residencial Colina Park;26;05;RUA ALIMENTADORA 10;10.0;10.08;32.77;31.46;321.14;;;;
Residencial Colina Park;26;06;RUA ALIMENTADORA 10;10.0;10.08;31.46;30.16;308.11;;;;
Residencial Colina Park;26;07;RUA ALIMENTADORA 10;10.0;10.08;30.16;28.86;295.09;;;;
Residencial Colina Park;26;08;RUA ALIMENTADORA 10;10.0;10.09;28.86;27.55;282.06;;;;
Residencial Colina Park;26;09;RUA ALIMENTADORA 10;10.0;10.08;27.55;26.25;269.03;;;;
Residencial Colina Park;26;10;RUA ALIMENTADORA 10;10.0;10.08;26.25;24.95;256.0;;;;
Residencial Colina Park;26;11;RUA ALIMENTADORA 10;10.0;10.09;24.95;23.65;242.98;;;;
Residencial Colina Park;26;12;RUA ALIMENTADORA 10;10.0;10.08;23.65;22.34;229.95;;;;
Residencial Colina Park;26;13;RUA ALIMENTADORA 10;10.0;10.08;22.34;21.04;216.92;;;;
Residencial Colina Park;26;14;RUA ALIMENTADORA 10;12.0;12.1;21.04;19.48;243.11;;;;
Residencial Colina Park;26;15;RUA ALIMENTADORA 10;12.0;12.1;19.48;17.91;224.35;;;;
Residencial Colina Park;26;16;RUA ALIMENTADORA 10;22.0;22.19;17.91;15.05;362.59;;;;
Residencial Colina Park;26;17;RUA ALIMENTADORA 10;22.0;22.19;15.05;12.18;299.54;;;;
Residencial Colina Park;26;17;RUA ALIMENTADORA 10;22.0;22.19;12.18;15.05;299.54;;;;
Residencial Colina Park;26;18;RUA ALIMENTADORA 10;44.0;;;;428.04;;;;
Residencial Colina Park;27;01;RUA ALIMENTADORA 10;20.0;;;;287.96;;;;
Residencial Colina Park;27;02;RUA ALIMENTADORA 10;12.11;12.11;22.0;22.0;266.36;;;;
Residencial Colina Park;27;03;RUA ALIMENTADORA 10;10.0;10.0;22.0;22.0;220.0;;;;
Residencial Colina Park;27;04;RUA ALIMENTADORA 10;10.0;10.0;22.0;22.0;220.0;;;;
Residencial Colina Park;27;05;RUA ALIMENTADORA 10;10.0;10.0;22.0;22.0;220.0;;;;
Residencial Colina Park;27;06;RUA ALIMENTADORA 10;10.0;10.0;22.0;22.0;220.0;;;;
Residencial Colina Park;27;07;RUA ALIMENTADORA 10;10.0;10.0;22.0;22.0;220.0;;;;
Residencial Colina Park;27;08;RUA ALIMENTADORA 10;10.0;10.0;22.0;22.0;220.0;;;;
Residencial Colina Park;27;09;RUA ALIMENTADORA 10;10.0;10.0;22.0;22.0;220.0;;;;
Residencial Colina Park;27;10;RUA ALIMENTADORA 10;10.0;10.0;22.0;22.0;220.0;;;;
Residencial Colina Park;27;11;RUA ALIMENTADORA 10;10.0;10.0;22.0;22.0;220.0;;;;
Residencial Colina Park;27;12;RUA ALIMENTADORA 10;10.0;10.0;22.0;22.0;220.0;;;;
Residencial Colina Park;27;13;RUA ALIMENTADORA 10;10.0;10.0;22.0;22.0;220.0;;;;
Residencial Colina Park;27;14;RUA ALIMENTADORA 10;10.0;10.0;22.0;22.0;220.0;;;;
Residencial Colina Park;27;15;RUA ALIMENTADORA 10;10.0;10.0;22.0;22.0;220.0;;;;
Residencial Colina Park;27;16;RUA ALIMENTADORA 10;10.0;10.0;22.0;22.0;220.0;;;;
Residencial Colina Park;27;17;RUA ALIMENTADORA 10;10.0;10.0;22.0;22.0;220.0;;;;
Residencial Colina Park;27;18;RUA ALIMENTADORA 10;10.0;10.0;22.0;22.0;220.0;;;;
Residencial Colina Park;27;19;RUA ALIMENTADORA 10;10.0;10.0;22.0;22.0;220.0;;;;
Residencial Colina Park;27;20;RUA ALIMENTADORA 10;10.0;;;;220.0;;;;
Residencial Colina Park;27;21;RUA ALIMENTADORA 10;19.89;;;;286.21;;;;
Residencial Colina Park;27;22;RUA ALIMENTADORA 10;10.0;10.0;24.89;24.89;248.93;;;;
Residencial Colina Park;27;23;RUA ALIMENTADORA 10;10.0;10.0;24.89;24.89;248.93;;;;
Residencial Colina Park;27;24;RUA ALIMENTADORA 10;19.89;;;;286.21;;;;
Residencial Colina Park;27;25;RUA ALIMENTADORA 10;10.0;;;;220.0;;;;
Residencial Colina Park;27;26;RUA ALIMENTADORA 10;10.0;10.0;22.0;22.0;220.0;;;;
Residencial Colina Park;27;27;RUA ALIMENTADORA 10;10.0;10.0;22.0;22.0;220.0;;;;
Residencial Colina Park;27;28;RUA ALIMENTADORA 10;10.0;10.0;22.0;22.0;220.0;;;;
Residencial Colina Park;27;29;RUA ALIMENTADORA 10;10.0;10.0;22.0;22.0;220.0;;;;
Residencial Colina Park;27;30;RUA ALIMENTADORA 10;10.0;10.0;22.0;22.0;220.0;;;;
Residencial Colina Park;27;31;RUA ALIMENTADORA 10;10.0;10.0;22.0;22.0;220.0;;;;
Residencial Colina Park;27;32;RUA ALIMENTADORA 10;10.0;10.0;22.0;22.0;220.0;;;;
Residencial Colina Park;27;33;RUA ALIMENTADORA 10;10.0;10.0;22.0;22.0;220.0;;;;
Residencial Colina Park;27;34;RUA ALIMENTADORA 10;10.0;10.0;22.0;22.0;220.0;;;;
Residencial Colina Park;27;35;RUA ALIMENTADORA 10;10.0;10.0;22.0;22.0;220.0;;;;
Residencial Colina Park;27;36;RUA ALIMENTADORA 10;10.0;10.0;22.0;22.0;220.0;;;;
Residencial Colina Park;27;37;RUA ALIMENTADORA 10;10.0;10.0;22.0;22.0;220.0;;;;
Residencial Colina Park;27;38;RUA ALIMENTADORA 10;10.0;10.0;22.0;22.0;220.0;;;;
Residencial Colina Park;27;39;RUA ALIMENTADORA 10;10.0;10.0;22.0;22.0;220.0;;;;
Residencial Colina Park;27;40;RUA ALIMENTADORA 10;10.0;10.0;22.0;22.0;220.0;;;;
Residencial Colina Park;27;41;RUA ALIMENTADORA 10;10.0;10.0;22.0;22.0;220.0;;;;
Residencial Colina Park;27;42;RUA ALIMENTADORA 10;10.0;10.0;22.0;22.0;220.0;;;;
Residencial Colina Park;27;43;RUA ALIMENTADORA 10;12.11;12.11;22.0;22.0;266.36;;;;
Residencial Colina Park;27;44;RUA ALIMENTADORA 10;20.0;;;;287.5;;;;
Residencial Colina Park;27;45;RUA ALIMENTADORA 07;10.0;10.0;25.0;25.0;250.0;;;;
Residencial Colina Park;27;46;RUA ALIMENTADORA 07;9.96;10.0;25.0;25.0;249.54;;;;
Residencial Colina Park;28;01;RUA ALIMENTADORA 10;20.0;;;;275.0;;;;
Residencial Colina Park;28;02;RUA ALIMENTADORA 10;12.0;;;;270.0;;;;
Residencial Colina Park;28;03;RUA ALIMENTADORA 10;12.0;12.0;22.5;22.5;270.0;;;;
Residencial Colina Park;28;04;RUA ALIMENTADORA 10;12.0;12.0;22.5;22.5;270.0;;;;
Residencial Colina Park;28;05;RUA ALIMENTADORA 10;12.0;12.0;22.5;22.5;270.0;;;;
Residencial Colina Park;28;06;RUA ALIMENTADORA 10;12.0;12.0;22.5;22.5;270.0;;;;
Residencial Colina Park;28;07;RUA ALIMENTADORA 10;12.0;12.0;22.5;22.5;270.0;;;;
Residencial Colina Park;28;08;RUA ALIMENTADORA 10;12.0;12.0;22.5;22.5;270.0;;;;
Residencial Colina Park;28;09;RUA ALIMENTADORA 10;12.0;12.0;22.5;22.5;270.0;;;;
Residencial Colina Park;28;10;RUA ALIMENTADORA 10;12.0;12.0;22.5;22.5;270.0;;;;
Residencial Colina Park;28;11;RUA ALIMENTADORA 10;12.0;12.0;22.5;22.5;270.0;;;;
Residencial Colina Park;28;12;RUA ALIMENTADORA 10;12.0;12.0;22.5;22.5;270.0;;;;
Residencial Colina Park;28;13;RUA ALIMENTADORA 10;12.0;12.0;22.5;22.5;270.0;;;;
Residencial Colina Park;28;14;RUA ALIMENTADORA 10;12.0;12.0;22.5;22.5;270.0;;;;
Residencial Colina Park;28;15;RUA ALIMENTADORA 10;12.0;12.0;22.5;22.5;270.0;;;;
Residencial Colina Park;28;16;RUA ALIMENTADORA 10;12.0;12.0;22.5;22.5;270.0;;;;
Residencial Colina Park;28;17;RUA ALIMENTADORA 10;12.0;;;;270.0;;;;
Residencial Colina Park;28;18;RUA ALIMENTADORA 10;20.0;;;;275.0;;;;
Residencial Colina Park;28;19;RUA ALIMENTADORA 10;11.0;11.0;25.0;25.0;275.0;;;;
Residencial Colina Park;28;20;RUA ALIMENTADORA 10;11.0;11.0;25.0;25.0;275.0;;;;
Residencial Colina Park;28;21;RUA ALIMENTADORA 09;20.0;;;;275.0;;;;
Residencial Colina Park;28;22;RUA ALIMENTADORA 09;12.0;;;;270.0;;;;
Residencial Colina Park;28;23;RUA ALIMENTADORA 09;12.0;12.0;22.5;22.5;270.0;;;;
Residencial Colina Park;28;24;RUA ALIMENTADORA 09;12.0;12.0;22.5;22.5;270.0;;;;
Residencial Colina Park;28;25;RUA ALIMENTADORA 09;12.0;12.0;22.5;22.5;270.0;;;;
Residencial Colina Park;28;26;RUA ALIMENTADORA 09;12.0;12.0;22.5;22.5;270.0;;;;
Residencial Colina Park;28;27;RUA ALIMENTADORA 09;12.0;12.0;22.5;22.5;270.0;;;;
Residencial Colina Park;28;28;RUA ALIMENTADORA 09;12.0;12.0;22.5;22.5;270.0;;;;
Residencial Colina Park;28;29;RUA ALIMENTADORA 09;12.0;12.0;22.5;22.5;270.0;;;;
Residencial Colina Park;28;30;RUA ALIMENTADORA 09;12.0;12.0;22.5;22.5;270.0;;;;
Residencial Colina Park;28;31;RUA ALIMENTADORA 09;12.0;12.0;22.5;22.5;270.0;;;;
Residencial Colina Park;28;32;RUA ALIMENTADORA 09;12.0;12.0;22.5;22.5;270.0;;;;
Residencial Colina Park;28;33;RUA ALIMENTADORA 09;12.0;12.0;22.5;22.5;270.0;;;;
Residencial Colina Park;28;34;RUA ALIMENTADORA 09;12.0;12.0;22.5;22.5;270.0;;;;
Residencial Colina Park;28;35;RUA ALIMENTADORA 09;12.0;12.0;22.5;22.5;270.0;;;;
Residencial Colina Park;28;36;RUA ALIMENTADORA 09;12.0;12.0;22.5;22.5;270.0;;;;
Residencial Colina Park;28;37;RUA ALIMENTADORA 09;12.0;;;;270.0;;;;
Residencial Colina Park;28;38;RUA ALIMENTADORA 09;20.0;;;;275.0;;;;
Residencial Colina Park;28;39;RUA ALIMENTADORA 07;11.0;11.0;25.0;25.0;275.0;;;;
Residencial Colina Park;28;40;RUA ALIMENTADORA 07;11.0;11.0;25.0;25.0;275.0;;;;
Residencial Colina Park;29;01;RUA ALIMENTADORA 09;20.0;;;;312.5;;;;
Residencial Colina Park;29;01;RUA ALIMENTADORA 09;20.0;;;;312.5;;;;
Residencial Colina Park;29;02;RUA ALIMENTADORA 09;12.0;12.0;25.0;25.0;300.0;;;;
Residencial Colina Park;29;02;RUA ALIMENTADORA 09;12.0;12.0;25.0;25.0;300.0;;;;
Residencial Colina Park;29;03;RUA ALIMENTADORA 09;12.0;12.0;25.0;25.0;300.0;;;;
Residencial Colina Park;29;03;RUA ALIMENTADORA 09;12.0;12.0;25.0;25.0;300.0;;;;
Residencial Colina Park;29;04;RUA ALIMENTADORA 09;12.0;12.0;25.0;25.0;300.0;;;;
Residencial Colina Park;29;04;RUA ALIMENTADORA 09;12.0;12.0;25.0;25.0;300.0;;;;
Residencial Colina Park;29;05;RUA ALIMENTADORA 09;12.0;12.0;25.0;25.0;300.0;;;;
Residencial Colina Park;29;05;RUA ALIMENTADORA 09;12.0;12.0;25.0;25.0;300.0;;;;
Residencial Colina Park;29;06;RUA ALIMENTADORA 09;12.0;12.0;25.0;25.0;300.0;;;;
Residencial Colina Park;29;06;RUA ALIMENTADORA 09;12.0;12.0;25.0;25.0;300.0;;;;
Residencial Colina Park;29;07;RUA ALIMENTADORA 09;12.0;12.0;25.0;25.0;300.0;;;;
Residencial Colina Park;29;07;RUA ALIMENTADORA 09;12.0;12.0;25.0;25.0;300.0;;;;
Residencial Colina Park;29;08;RUA ALIMENTADORA 09;12.0;12.0;25.0;25.0;300.0;;;;
Residencial Colina Park;29;08;RUA ALIMENTADORA 09;12.0;12.0;25.0;25.0;300.0;;;;
Residencial Colina Park;29;09;RUA ALIMENTADORA 09;12.0;12.0;25.0;25.0;300.0;;;;
Residencial Colina Park;29;09;RUA ALIMENTADORA 09;12.0;12.0;25.0;25.0;300.0;;;;
Residencial Colina Park;29;10;RUA ALIMENTADORA 09;12.0;12.0;25.0;25.0;300.0;;;;
Residencial Colina Park;29;10;RUA ALIMENTADORA 09;12.0;12.0;25.0;25.0;300.0;;;;
Residencial Colina Park;29;11;RUA ALIMENTADORA 09;12.0;12.0;25.0;25.0;300.0;;;;
Residencial Colina Park;29;11;RUA ALIMENTADORA 09;12.0;12.0;25.0;25.0;300.0;;;;
Residencial Colina Park;29;12;RUA ALIMENTADORA 09;12.0;12.0;25.0;25.0;300.0;;;;
Residencial Colina Park;29;12;RUA ALIMENTADORA 09;12.0;12.0;25.0;25.0;300.0;;;;
Residencial Colina Park;29;13;RUA ALIMENTADORA 09;12.0;12.0;25.0;25.0;300.0;;;;
Residencial Colina Park;29;13;RUA ALIMENTADORA 09;12.0;12.0;25.0;25.0;300.0;;;;
Residencial Colina Park;29;14;RUA ALIMENTADORA 09;12.0;12.0;25.0;25.0;300.0;;;;
Residencial Colina Park;29;14;RUA ALIMENTADORA 09;12.0;12.0;25.0;25.0;300.0;;;;
Residencial Colina Park;29;15;RUA ALIMENTADORA 09;12.0;12.0;25.0;25.0;300.0;;;;
Residencial Colina Park;29;15;RUA ALIMENTADORA 09;12.0;12.0;25.0;25.0;300.0;;;;
Residencial Colina Park;29;16;RUA ALIMENTADORA 09;12.0;12.0;25.0;25.0;300.0;;;;
Residencial Colina Park;29;16;RUA ALIMENTADORA 09;12.0;12.0;25.0;25.0;300.0;;;;
Residencial Colina Park;29;17;RUA ALIMENTADORA 09;12.0;12.0;25.0;25.0;300.0;;;;
Residencial Colina Park;29;17;RUA ALIMENTADORA 09;12.0;12.0;25.0;25.0;300.0;;;;
Residencial Colina Park;29;18;RUA ALIMENTADORA 09;20.0;;;;312.5;;;;
Residencial Colina Park;29;18;RUA ALIMENTADORA 09;20.0;;;;312.5;;;;
Residencial Colina Park;29;19;RUA ALIMENTADORA 10;12.0;12.0;25.0;25.0;300.0;;;;
Residencial Colina Park;29;19;RUA ALIMENTADORA 10;12.0;12.0;25.0;25.0;300.0;;;;
Residencial Colina Park;29;20;RUA ALIMENTADORA 10;20.0;;;;312.5;;;;
Residencial Colina Park;29;21;AVENIDA 02;12.0;12.0;25.0;25.0;300.0;;;;
Residencial Colina Park;29;22;AVENIDA 02;12.0;12.0;25.0;25.0;300.0;;;;
Residencial Colina Park;29;22;AVENIDA 02;12.0;12.0;25.0;25.0;300.0;;;;
Residencial Colina Park;29;23;AVENIDA 02;12.0;12.0;25.0;25.0;300.0;;;;
Residencial Colina Park;29;23;AVENIDA 02;12.0;12.0;25.0;25.0;300.0;;;;
Residencial Colina Park;29;24;AVENIDA 02;12.0;12.0;25.0;25.0;300.0;;;;
Residencial Colina Park;29;24;AVENIDA 02;12.0;12.0;25.0;25.0;300.0;;;;
Residencial Colina Park;29;25;AVENIDA 02;12.0;12.0;25.0;25.0;300.0;;;;
Residencial Colina Park;29;25;AVENIDA 02;12.0;12.0;25.0;25.0;300.0;;;;
Residencial Colina Park;29;26;AVENIDA 02;12.0;12.0;25.0;25.0;300.0;;;;
Residencial Colina Park;29;26;AVENIDA 02;12.0;12.0;25.0;25.0;300.0;;;;
Residencial Colina Park;29;27;AVENIDA 02;12.0;12.0;25.0;25.0;300.0;;;;
Residencial Colina Park;29;27;AVENIDA 02;12.0;12.0;25.0;25.0;300.0;;;;
Residencial Colina Park;29;28;AVENIDA 02;12.0;12.0;25.0;25.0;300.0;;;;
Residencial Colina Park;29;28;AVENIDA 02;12.0;12.0;25.0;25.0;300.0;;;;
Residencial Colina Park;29;29;AVENIDA 02;12.0;12.0;25.0;25.0;300.0;;;;
Residencial Colina Park;29;29;AVENIDA 02;12.0;12.0;25.0;25.0;300.0;;;;
Residencial Colina Park;29;30;AVENIDA 02;12.0;12.0;25.0;25.0;300.0;;;;
Residencial Colina Park;29;30;AVENIDA 02;12.0;12.0;25.0;25.0;300.0;;;;
Residencial Colina Park;29;31;AVENIDA 02;12.0;12.0;25.0;25.0;300.0;;;;
Residencial Colina Park;29;31;AVENIDA 02;12.0;12.0;25.0;25.0;300.0;;;;
Residencial Colina Park;29;32;AVENIDA 02;12.0;12.0;25.0;25.0;300.0;;;;
Residencial Colina Park;29;32;AVENIDA 02;12.0;12.0;25.0;25.0;300.0;;;;
Residencial Colina Park;29;33;AVENIDA 02;12.0;12.0;25.0;25.0;300.0;;;;
Residencial Colina Park;29;33;AVENIDA 02;12.0;12.0;25.0;25.0;300.0;;;;
Residencial Colina Park;29;34;AVENIDA 02;12.0;12.0;25.0;25.0;300.0;;;;
Residencial Colina Park;29;34;AVENIDA 02;12.0;12.0;25.0;25.0;300.0;;;;
Residencial Colina Park;29;35;AVENIDA 02;12.0;12.0;25.0;25.0;300.0;;;;
Residencial Colina Park;29;35;AVENIDA 02;12.0;12.0;25.0;25.0;300.0;;;;
Residencial Colina Park;29;36;AVENIDA 02;12.0;12.0;25.0;25.0;300.0;;;;
Residencial Colina Park;29;36;AVENIDA 02;12.0;12.0;25.0;25.0;300.0;;;;
Residencial Colina Park;29;37;AVENIDA 02;12.0;12.0;25.0;25.0;300.0;;;;
Residencial Colina Park;29;37;AVENIDA 02;12.0;12.0;25.0;25.0;300.0;;;;
Residencial Colina Park;29;38;AVENIDA 02;12.0;12.0;25.0;25.0;300.0;;;;
Residencial Colina Park;29;39;RUA ALIMENTADORA 07;20.0;;;;312.5;;;;
Residencial Colina Park;29;40;RUA ALIMENTADORA 07;12.0;12.0;25.0;25.0;300.0;;;;
Residencial Colina Park;29;40;RUA ALIMENTADORA 07;12.0;12.0;25.0;25.0;300.0;;;;
Residencial Colina Park;30;01;RUA ALIMENTADORA 07;20.0;;;;312.5;;;;
Residencial Colina Park;30;02;AVENIDA 02;12.0;12.0;25.0;25.0;300.0;;;;
Residencial Colina Park;30;03;AVENIDA 02;12.0;12.0;25.0;25.0;300.0;;;;
Residencial Colina Park;30;04;AVENIDA 02;12.0;12.0;25.0;25.0;300.0;;;;
Residencial Colina Park;30;05;AVENIDA 02;12.0;12.0;25.0;25.0;300.0;;;;
Residencial Colina Park;30;06;AVENIDA 02;12.0;12.0;25.0;25.0;300.0;;;;
Residencial Colina Park;30;07;AVENIDA 02;12.0;12.0;25.0;25.0;300.0;;;;
Residencial Colina Park;30;08;AVENIDA 02;12.0;12.0;25.0;25.0;300.0;;;;
Residencial Colina Park;30;09;AVENIDA 02;12.0;12.0;25.0;25.0;300.0;;;;
Residencial Colina Park;30;10;AVENIDA 02;12.0;12.0;25.0;25.0;300.0;;;;
Residencial Colina Park;30;11;AVENIDA 02;12.0;12.0;25.0;25.0;300.0;;;;
Residencial Colina Park;30;12;AVENIDA 02;12.0;12.0;25.0;25.0;300.0;;;;
Residencial Colina Park;30;13;AVENIDA 02;12.0;12.0;25.0;25.0;300.0;;;;
Residencial Colina Park;30;14;AVENIDA 02;12.0;12.0;25.0;25.0;300.0;;;;
Residencial Colina Park;30;15;AVENIDA 02;12.0;12.0;25.0;25.0;300.0;;;;
Residencial Colina Park;30;16;AVENIDA 02;12.0;12.0;25.0;25.0;300.0;;;;
Residencial Colina Park;30;17;AVENIDA 02;12.0;12.0;25.0;25.0;300.0;;;;
Residencial Colina Park;30;18;AVENIDA 02;12.0;12.0;25.0;25.0;300.0;;;;
Residencial Colina Park;30;19;AVENIDA 02;12.0;12.0;25.0;25.0;300.0;;;;
Residencial Colina Park;30;20;RUA ALIMENTADORA 10;20.0;;;;312.5;;;;
Residencial Colina Park;30;21;RUA ALIMENTADORA 10;12.0;12.0;25.0;25.0;300.0;;;;
Residencial Colina Park;30;22;RUA ALIMENTADORA 08;20.0;;;;312.5;;;;
Residencial Colina Park;30;23;RUA ALIMENTADORA 08;12.0;12.0;25.0;25.0;300.0;;;;
Residencial Colina Park;30;24;RUA ALIMENTADORA 08;12.0;12.0;25.0;25.0;300.0;;;;
Residencial Colina Park;30;25;RUA ALIMENTADORA 08;12.0;12.0;25.0;25.0;300.0;;;;
Residencial Colina Park;30;26;RUA ALIMENTADORA 08;12.0;12.0;25.0;25.0;300.0;;;;
Residencial Colina Park;30;27;RUA ALIMENTADORA 08;12.0;12.0;25.0;25.0;300.0;;;;
Residencial Colina Park;30;28;RUA ALIMENTADORA 08;12.0;12.0;25.0;25.0;300.0;;;;
Residencial Colina Park;30;29;RUA ALIMENTADORA 08;12.0;12.0;25.0;25.0;300.0;;;;
Residencial Colina Park;30;30;RUA ALIMENTADORA 08;12.0;12.0;25.0;25.0;300.0;;;;
Residencial Colina Park;30;31;RUA ALIMENTADORA 08;12.0;12.0;25.0;25.0;300.0;;;;
Residencial Colina Park;30;32;RUA ALIMENTADORA 08;12.0;12.0;25.0;25.0;300.0;;;;
Residencial Colina Park;30;33;RUA ALIMENTADORA 08;12.0;12.0;25.0;25.0;300.0;;;;
Residencial Colina Park;30;34;RUA ALIMENTADORA 08;12.0;12.0;25.0;25.0;300.0;;;;
Residencial Colina Park;30;35;RUA ALIMENTADORA 08;12.0;12.0;25.0;25.0;300.0;;;;
Residencial Colina Park;30;36;RUA ALIMENTADORA 08;12.0;12.0;25.0;25.0;300.0;;;;
Residencial Colina Park;30;37;RUA ALIMENTADORA 08;12.0;12.0;25.0;25.0;300.0;;;;
Residencial Colina Park;30;38;RUA ALIMENTADORA 08;12.0;12.0;25.0;25.0;300.0;;;;
Residencial Colina Park;30;39;RUA ALIMENTADORA 08;20.0;;;;312.5;;;;
Residencial Colina Park;30;40;RUA ALIMENTADORA 07;12.0;12.0;25.0;25.0;300.0;;;;
Residencial Colina Park;31;01;RUA ALIMENTADORA 08;22.5;;;;303.75;;;;
Residencial Colina Park;31;02;RUA ALIMENTADORA 08;12.0;12.0;22.5;22.5;270.0;;;;
Residencial Colina Park;31;03;RUA ALIMENTADORA 08;12.0;12.0;22.5;22.5;270.0;;;;
Residencial Colina Park;31;04;RUA ALIMENTADORA 08;12.0;12.0;22.5;22.5;270.0;;;;
Residencial Colina Park;31;05;RUA ALIMENTADORA 08;12.0;12.0;22.5;22.5;270.0;;;;
Residencial Colina Park;31;06;RUA ALIMENTADORA 08;12.0;12.0;22.5;22.5;270.0;;;;
Residencial Colina Park;31;07;RUA ALIMENTADORA 08;12.0;12.0;22.5;22.5;270.0;;;;
Residencial Colina Park;31;08;RUA ALIMENTADORA 08;12.0;12.0;22.5;22.5;270.0;;;;
Residencial Colina Park;31;09;RUA ALIMENTADORA 08;12.0;12.0;22.5;22.5;270.0;;;;
Residencial Colina Park;31;10;RUA ALIMENTADORA 08;12.0;12.0;22.5;22.5;270.0;;;;
Residencial Colina Park;31;11;RUA ALIMENTADORA 08;12.0;12.0;22.5;22.5;270.0;;;;
Residencial Colina Park;31;12;RUA ALIMENTADORA 08;12.0;12.0;22.5;22.5;270.0;;;;
Residencial Colina Park;31;13;RUA ALIMENTADORA 08;22.5;;;;303.75;;;;
Residencial Colina Park;31;14;RUA ALIMENTADORA 10;11.0;11.0;27.5;27.5;302.5;;;;
Residencial Colina Park;31;15;RUA ALIMENTADORA 10;11.0;11.0;27.5;27.5;302.5;;;;
Residencial Colina Park;31;16;RUA LOCAL 16;22.5;;;;303.75;;;;
Residencial Colina Park;31;17;RUA LOCAL 16;12.0;12.0;22.5;22.5;270.0;;;;
Residencial Colina Park;31;18;RUA LOCAL 16;12.0;12.0;22.5;22.5;270.0;;;;
Residencial Colina Park;31;19;RUA LOCAL 16;12.0;12.0;22.5;22.5;270.0;;;;
Residencial Colina Park;31;20;RUA LOCAL 16;12.0;12.0;22.5;22.5;270.0;;;;
Residencial Colina Park;31;21;RUA LOCAL 16;12.0;12.0;22.5;22.5;270.0;;;;
Residencial Colina Park;31;22;RUA LOCAL 16;12.0;12.0;22.5;22.5;270.0;;;;
Residencial Colina Park;31;23;RUA LOCAL 16;12.0;12.0;22.5;22.5;270.0;;;;
Residencial Colina Park;31;24;RUA LOCAL 16;12.0;12.0;22.5;22.5;270.0;;;;
Residencial Colina Park;31;25;RUA LOCAL 16;12.0;12.0;22.5;22.5;270.0;;;;
Residencial Colina Park;31;26;RUA LOCAL 16;12.0;12.0;22.5;22.5;270.0;;;;
Residencial Colina Park;31;27;RUA LOCAL 16;12.0;12.0;22.5;22.5;270.0;;;;
Residencial Colina Park;31;28;RUA LOCAL 16;22.5;;;;303.75;;;;
Residencial Colina Park;31;29;RUA LOCAL 12;11.0;11.0;27.5;27.5;302.5;;;;
Residencial Colina Park;31;30;RUA LOCAL 12;11.0;11.0;27.5;27.5;302.5;;;;
Residencial Colina Park;32;01;RUA LOCAL 16;17.11;;;;252.79;;;;
Residencial Colina Park;32;02;RUA LOCAL 16;10.0;10.0;22.0;22.0;220.0;;;;
Residencial Colina Park;32;03;RUA LOCAL 16;10.0;10.0;22.0;22.0;220.0;;;;
Residencial Colina Park;32;04;RUA LOCAL 16;10.0;10.0;22.0;22.0;220.0;;;;
Residencial Colina Park;32;05;RUA LOCAL 16;10.0;10.0;22.0;22.0;220.0;;;;
Residencial Colina Park;32;06;RUA LOCAL 16;10.0;10.0;22.0;22.0;220.0;;;;
Residencial Colina Park;32;07;RUA LOCAL 16;10.0;10.0;22.0;22.0;220.0;;;;
Residencial Colina Park;32;08;RUA LOCAL 16;10.0;10.0;22.0;22.0;220.0;;;;
Residencial Colina Park;32;09;RUA LOCAL 16;10.0;10.0;22.0;22.0;220.0;;;;
Residencial Colina Park;32;10;RUA LOCAL 16;10.0;10.0;22.0;22.0;220.0;;;;
Residencial Colina Park;32;11;RUA LOCAL 16;10.0;10.0;22.0;22.0;220.0;;;;
Residencial Colina Park;32;12;RUA LOCAL 16;10.0;10.0;22.0;22.0;220.0;;;;
Residencial Colina Park;32;13;RUA LOCAL 16;10.0;10.0;22.0;22.0;220.0;;;;
Residencial Colina Park;32;14;RUA LOCAL 16;10.0;10.0;22.0;22.0;220.0;;;;
Residencial Colina Park;32;15;RUA LOCAL 16;10.0;;;;220.0;;;;
Residencial Colina Park;32;16;RUA LOCAL 16;19.89;;;;286.21;;;;
Residencial Colina Park;32;17;RUA ALIMENTADORA 10;10.0;10.0;24.89;24.89;248.93;;;;
Residencial Colina Park;32;18;RUA ALIMENTADORA 10;10.0;10.0;24.89;24.89;248.93;;;;
Residencial Colina Park;32;19;RUA LOCAL 15;19.89;;;;286.21;;;;
Residencial Colina Park;32;20;RUA LOCAL 15;10.0;;;;220.0;;;;
Residencial Colina Park;32;21;RUA LOCAL 15;10.0;10.0;22.0;22.0;220.0;;;;
Residencial Colina Park;32;22;RUA LOCAL 15;10.0;10.0;22.0;22.0;220.0;;;;
Residencial Colina Park;32;23;RUA LOCAL 15;10.0;10.0;22.0;22.0;220.0;;;;
Residencial Colina Park;32;24;RUA LOCAL 15;10.0;10.0;22.0;22.0;220.0;;;;
Residencial Colina Park;32;25;RUA LOCAL 15;10.0;10.0;22.0;22.0;220.0;;;;
Residencial Colina Park;32;26;RUA LOCAL 15;10.0;10.0;22.0;22.0;220.0;;;;
Residencial Colina Park;32;27;RUA LOCAL 15;10.0;10.0;22.0;22.0;220.0;;;;
Residencial Colina Park;32;28;RUA LOCAL 15;10.0;10.0;22.0;22.0;220.0;;;;
Residencial Colina Park;32;29;RUA LOCAL 15;10.0;10.0;22.0;22.0;220.0;;;;
Residencial Colina Park;32;30;RUA LOCAL 15;10.0;10.0;22.0;22.0;220.0;;;;
Residencial Colina Park;32;31;RUA LOCAL 15;10.0;10.0;22.0;22.0;220.0;;;;
Residencial Colina Park;32;32;RUA LOCAL 15;10.0;10.0;22.0;22.0;220.0;;;;
Residencial Colina Park;32;33;RUA LOCAL 15;10.0;10.0;22.0;22.0;220.0;;;;
Residencial Colina Park;32;34;RUA LOCAL 15;17.11;;;;252.79;;;;
Residencial Colina Park;32;35;RUA LOCAL 12;10.0;10.0;22.11;22.11;221.07;;;;
Residencial Colina Park;32;36;RUA LOCAL 12;10.0;10.0;22.11;22.11;221.07;;;;
Residencial Colina Park;33;01;RUA LOCAL 15;17.11;;;;252.79;;;;
Residencial Colina Park;33;02;RUA LOCAL 15;10.0;10.0;22.0;22.0;220.0;;;;
Residencial Colina Park;33;03;RUA LOCAL 15;10.0;10.0;22.0;22.0;220.0;;;;
Residencial Colina Park;33;04;RUA LOCAL 15;10.0;10.0;22.0;22.0;220.0;;;;
Residencial Colina Park;33;05;RUA LOCAL 15;10.0;10.0;22.0;22.0;220.0;;;;
Residencial Colina Park;33;06;RUA LOCAL 15;10.0;10.0;22.0;22.0;220.0;;;;
Residencial Colina Park;33;07;RUA LOCAL 15;10.0;10.0;22.0;22.0;220.0;;;;
Residencial Colina Park;33;08;RUA LOCAL 15;10.0;10.0;22.0;22.0;220.0;;;;
Residencial Colina Park;33;09;RUA LOCAL 15;10.0;10.0;22.0;22.0;220.0;;;;
Residencial Colina Park;33;10;RUA LOCAL 15;10.0;10.0;22.0;22.0;220.0;;;;
Residencial Colina Park;33;11;RUA LOCAL 15;10.0;10.0;22.0;22.0;220.0;;;;
Residencial Colina Park;33;12;RUA LOCAL 15;10.0;10.0;22.0;22.0;220.0;;;;
Residencial Colina Park;33;13;RUA LOCAL 15;10.0;10.0;22.0;22.0;220.0;;;;
Residencial Colina Park;33;14;RUA LOCAL 15;10.0;10.0;22.0;22.0;220.0;;;;
Residencial Colina Park;33;15;RUA LOCAL 15;10.0;;;;220.0;;;;
Residencial Colina Park;33;16;RUA LOCAL 15;19.89;;;;286.21;;;;
Residencial Colina Park;33;17;RUA ALIMENTADORA 10;10.0;10.0;24.89;24.89;248.93;;;;
Residencial Colina Park;33;18;RUA ALIMENTADORA 10;10.0;10.0;24.89;24.89;248.93;;;;
Residencial Colina Park;33;19;RUA LOCAL 14;19.89;;;;286.21;;;;
Residencial Colina Park;33;20;RUA LOCAL 14;10.0;;;;220.0;;;;
Residencial Colina Park;33;21;RUA LOCAL 14;10.0;10.0;22.0;22.0;220.0;;;;
Residencial Colina Park;33;22;RUA LOCAL 14;10.0;10.0;22.0;22.0;220.0;;;;
Residencial Colina Park;33;23;RUA LOCAL 14;10.0;10.0;22.0;22.0;220.0;;;;
Residencial Colina Park;33;24;RUA LOCAL 14;10.0;10.0;22.0;22.0;220.0;;;;
Residencial Colina Park;33;25;RUA LOCAL 14;10.0;10.0;22.0;22.0;220.0;;;;
Residencial Colina Park;33;26;RUA LOCAL 14;10.0;10.0;22.0;22.0;220.0;;;;
Residencial Colina Park;33;27;RUA LOCAL 14;10.0;10.0;22.0;22.0;220.0;;;;
Residencial Colina Park;33;28;RUA LOCAL 14;10.0;10.0;22.0;22.0;220.0;;;;
Residencial Colina Park;33;29;RUA LOCAL 14;10.0;10.0;22.0;22.0;220.0;;;;
Residencial Colina Park;33;30;RUA LOCAL 14;10.0;10.0;22.0;22.0;220.0;;;;
Residencial Colina Park;33;31;RUA LOCAL 14;10.0;10.0;22.0;22.0;220.0;;;;
Residencial Colina Park;33;32;RUA LOCAL 14;10.0;10.0;22.0;22.0;220.0;;;;
Residencial Colina Park;33;33;RUA LOCAL 14;10.0;10.0;22.0;22.0;220.0;;;;
Residencial Colina Park;33;34;RUA LOCAL 14;17.11;;;;253.2;;;;
Residencial Colina Park;33;35;RUA LOCAL 12;9.96;10.0;22.11;22.11;220.67;;;;
Residencial Colina Park;33;36;RUA LOCAL 12;10.0;10.0;22.11;22.11;221.07;;;;
Residencial Colina Park;34;01;RUA LOCAL 14;17.3;;;;255.14;;;;
Residencial Colina Park;34;02;RUA LOCAL 14;10.0;10.0;22.0;22.0;220.0;;;;
Residencial Colina Park;34;03;RUA LOCAL 14;10.0;10.0;22.0;22.0;220.0;;;;
Residencial Colina Park;34;04;RUA LOCAL 14;10.0;10.0;22.0;22.0;220.0;;;;
Residencial Colina Park;34;05;RUA LOCAL 14;10.0;10.0;22.0;22.0;220.0;;;;
Residencial Colina Park;34;06;RUA LOCAL 14;10.0;10.0;22.0;22.0;220.0;;;;
Residencial Colina Park;34;07;RUA LOCAL 14;10.0;10.0;22.0;22.0;220.0;;;;
Residencial Colina Park;34;08;RUA LOCAL 14;10.0;10.0;22.0;22.0;220.0;;;;
Residencial Colina Park;34;09;RUA LOCAL 14;10.0;10.0;22.0;22.0;220.0;;;;
Residencial Colina Park;34;10;RUA LOCAL 14;10.0;10.0;22.0;22.0;220.0;;;;
Residencial Colina Park;34;11;RUA LOCAL 14;10.0;10.0;22.0;22.0;220.0;;;;
Residencial Colina Park;34;12;RUA LOCAL 14;10.0;10.0;22.0;22.0;220.0;;;;
Residencial Colina Park;34;13;RUA LOCAL 14;10.0;10.0;22.0;22.0;220.0;;;;
Residencial Colina Park;34;14;RUA LOCAL 14;10.0;10.0;22.0;22.0;220.0;;;;
Residencial Colina Park;34;15;RUA LOCAL 14;10.0;;;;220.0;;;;
Residencial Colina Park;34;16;RUA LOCAL 14;19.89;;;;286.21;;;;
Residencial Colina Park;34;17;RUA ALIMENTADORA 10;10.0;10.0;24.89;24.89;248.93;;;;
Residencial Colina Park;34;18;RUA ALIMENTADORA 10;10.0;10.0;24.89;24.89;248.93;;;;
Residencial Colina Park;34;19;RUA PERIMETRAL 01;19.89;;;;286.21;;;;
Residencial Colina Park;34;20;RUA PERIMETRAL 01;10.0;;;;220.0;;;;
Residencial Colina Park;34;21;RUA PERIMETRAL 01;10.0;10.0;22.0;22.0;220.0;;;;
Residencial Colina Park;34;22;RUA PERIMETRAL 01;10.0;10.0;22.0;22.0;220.0;;;;
Residencial Colina Park;34;23;RUA PERIMETRAL 01;10.0;10.0;22.0;22.0;220.0;;;;
Residencial Colina Park;34;24;RUA PERIMETRAL 01;10.0;10.0;22.0;22.0;220.0;;;;
Residencial Colina Park;34;25;RUA PERIMETRAL 01;10.0;10.0;22.0;22.0;220.0;;;;
Residencial Colina Park;34;26;RUA PERIMETRAL 01;10.0;10.0;22.0;22.0;220.0;;;;
Residencial Colina Park;34;27;RUA PERIMETRAL 01;10.0;10.0;22.0;22.0;220.0;;;;
Residencial Colina Park;34;28;RUA LOCAL 05;8.23;;;;219.6;;;;
Residencial Colina Park;34;29;RUA ALIMENTADORA 06;12.38;12.0;21.55;18.48;240.19;;;;
Residencial Colina Park;34;30;RUA ALIMENTADORA 06;18.58;18.0;18.48;13.89;291.36;;;;
Residencial Colina Park;34;31;RUA ALIMENTADORA 06;20.64;20.0;13.89;8.78;226.72;;;;
Residencial Colina Park;34;32;RUA ALIMENTADORA 06;18.02;;;;343.32;;;;
Residencial Colina Park;35;01;RUA LOCAL 13;17.94;;;;368.35;;;;
Residencial Colina Park;35;02;RUA PERIMETRAL 01;11.91;12.08;28.63;26.61;329.02;;;;
Residencial Colina Park;35;03;RUA PERIMETRAL 01;10.0;;;;294.6;;;;
Residencial Colina Park;35;03;RUA PERIMETRAL 01;10.0;10.14;28.63;30.29;294.6;;;;
Residencial Colina Park;35;04;RUA PERIMETRAL 01;10.0;10.14;31.96;30.29;311.26;;;;
Residencial Colina Park;35;04;RUA PERIMETRAL 01;10.0;10.14;30.29;31.96;311.26;;;;
Residencial Colina Park;35;05;RUA PERIMETRAL 01;10.0;10.14;33.62;31.96;327.92;;;;
Residencial Colina Park;35;06;RUA PERIMETRAL 01;10.0;10.0;23.0;23.0;230.0;;;;
Residencial Colina Park;35;07;RUA PERIMETRAL 01;10.0;10.0;23.0;23.0;230.0;;;;
Residencial Colina Park;35;08;RUA PERIMETRAL 01;10.0;10.0;23.0;23.0;230.0;;;;
Residencial Colina Park;35;09;RUA PERIMETRAL 01;15.0;;;;247.5;;;;
Residencial Colina Park;35;10;RUA LOCAL 26;10.0;10.0;20.0;20.0;200.0;;;;
Residencial Colina Park;35;11;RUA LOCAL 26;13.95;;;;220.06;;;;
Residencial Colina Park;35;12;RUA PERIMETRAL 01;17.23;17.0;16.79;13.96;261.32;;;;
Residencial Colina Park;35;13;RUA PERIMETRAL 01;20.28;;;;245.8;;;;
Residencial Colina Park;37;01;RUA LOCAL 14;20.0;;;;287.45;;;;
Residencial Colina Park;37;02;RUA ALIMENTADORA 10;10.0;10.0;25.0;25.0;250.05;;;;
Residencial Colina Park;37;03;RUA ALIMENTADORA 10;10.0;10.0;25.0;25.0;250.0;;;;
Residencial Colina Park;37;04;RUA LOCAL 15;20.0;;;;287.5;;;;
Residencial Colina Park;37;05;RUA LOCAL 15;11.91;11.91;22.0;22.0;262.05;;;;
Residencial Colina Park;37;06;RUA LOCAL 15;10.0;10.0;22.0;22.0;220.0;;;;
Residencial Colina Park;37;07;RUA LOCAL 15;10.0;10.0;22.0;22.0;220.0;;;;
Residencial Colina Park;37;08;RUA LOCAL 15;10.0;10.0;22.0;22.0;220.0;;;;
Residencial Colina Park;37;09;RUA LOCAL 15;10.0;10.0;22.0;22.0;220.0;;;;
Residencial Colina Park;37;10;RUA LOCAL 15;10.0;10.0;22.0;22.0;220.0;;;;
Residencial Colina Park;37;11;RUA LOCAL 15;10.0;10.0;22.0;22.0;220.0;;;;
Residencial Colina Park;37;12;RUA LOCAL 15;15.0;;;;227.5;;;;
Residencial Colina Park;37;13;RUA LOCAL 26;10.0;10.01;20.0;20.0;200.14;;;;
Residencial Colina Park;37;14;RUA LOCAL 26;10.0;10.0;20.0;20.0;200.0;;;;
Residencial Colina Park;37;15;RUA LOCAL 14;15.0;;;;227.5;;;;
Residencial Colina Park;37;16;RUA LOCAL 14;10.0;10.0;22.0;22.0;220.0;;;;
Residencial Colina Park;37;17;RUA LOCAL 14;10.0;10.0;22.0;22.0;220.0;;;;
Residencial Colina Park;37;18;RUA LOCAL 14;10.0;10.0;22.0;22.0;220.0;;;;
Residencial Colina Park;37;19;RUA LOCAL 14;10.0;10.0;22.0;22.0;220.0;;;;
Residencial Colina Park;37;20;RUA LOCAL 14;10.0;10.0;22.0;22.0;220.0;;;;
Residencial Colina Park;37;21;RUA LOCAL 14;10.0;10.0;22.0;22.0;220.0;;;;
Residencial Colina Park;37;22;RUA LOCAL 14;11.91;11.91;22.0;22.0;262.05;;;;
Residencial Colina Park;37;22;RUA LOCAL 14;11.91;11.91;22.0;22.0;262.05;;;;
Residencial Colina Park;38;01;RUA LOCAL 15;20.0;;;;287.45;;;;
Residencial Colina Park;38;02;RUA ALIMENTADORA 10;10.0;10.0;25.0;25.0;250.05;;;;
Residencial Colina Park;38;03;RUA ALIMENTADORA 10;10.0;10.0;25.0;25.0;250.0;;;;
Residencial Colina Park;38;04;RUA LOCAL 16;20.0;;;;287.5;;;;
Residencial Colina Park;38;05;RUA LOCAL 16;11.91;11.91;22.0;22.0;262.05;;;;
Residencial Colina Park;38;06;RUA LOCAL 16;10.0;10.0;22.0;22.0;220.0;;;;
Residencial Colina Park;38;07;RUA LOCAL 16;10.0;10.0;22.0;22.0;220.0;;;;
Residencial Colina Park;38;08;RUA LOCAL 16;10.0;10.0;22.0;22.0;220.0;;;;
Residencial Colina Park;38;09;RUA LOCAL 16;10.0;10.0;22.0;22.0;220.0;;;;
Residencial Colina Park;38;10;RUA LOCAL 16;10.0;10.0;22.0;22.0;220.0;;;;
Residencial Colina Park;38;11;RUA LOCAL 16;10.0;10.0;22.0;22.0;220.0;;;;
Residencial Colina Park;38;12;RUA LOCAL 16;15.0;;;;227.5;;;;
Residencial Colina Park;38;13;RUA LOCAL 26;10.0;10.01;20.0;20.0;200.14;;;;
Residencial Colina Park;38;14;RUA LOCAL 26;10.0;10.0;20.0;20.0;200.0;;;;
Residencial Colina Park;38;15;RUA LOCAL 15;15.0;;;;227.5;;;;
Residencial Colina Park;38;16;RUA LOCAL 15;10.0;10.0;22.0;22.0;220.0;;;;
Residencial Colina Park;38;17;RUA LOCAL 15;10.0;10.0;22.0;22.0;220.0;;;;
Residencial Colina Park;38;18;RUA LOCAL 15;10.0;10.0;22.0;22.0;220.0;;;;
Residencial Colina Park;38;19;RUA LOCAL 15;10.0;10.0;22.0;22.0;220.0;;;;
Residencial Colina Park;38;20;RUA LOCAL 15;10.0;10.0;22.0;22.0;220.0;;;;
Residencial Colina Park;38;21;RUA LOCAL 15;10.0;10.0;22.0;22.0;220.0;;;;
Residencial Colina Park;38;22;RUA LOCAL 15;11.91;11.91;22.0;22.0;262.05;;;;
Residencial Colina Park;38;22;RUA LOCAL 15;11.91;11.91;22.0;22.0;262.05;;;;
Residencial Colina Park;39;01;RUA ALIMENTADORA 08;20.0;;;;275.0;;;;
Residencial Colina Park;39;02;RUA ALIMENTADORA 08;12.0;12.0;22.5;22.5;270.0;;;;
Residencial Colina Park;39;03;RUA ALIMENTADORA 08;12.0;12.0;22.5;22.5;270.0;;;;
Residencial Colina Park;39;04;RUA ALIMENTADORA 08;12.0;12.0;22.5;22.5;270.0;;;;
Residencial Colina Park;39;05;RUA ALIMENTADORA 08;12.0;12.0;22.5;22.5;270.0;;;;
Residencial Colina Park;39;06;RUA ALIMENTADORA 08;12.0;12.0;22.5;22.5;270.0;;;;
Residencial Colina Park;39;07;RUA ALIMENTADORA 08;12.0;12.0;22.5;22.5;270.0;;;;
Residencial Colina Park;39;08;RUA ALIMENTADORA 08;12.0;12.0;22.5;22.5;270.0;;;;
Residencial Colina Park;39;09;RUA ALIMENTADORA 08;12.0;12.0;22.5;22.5;270.0;;;;
Residencial Colina Park;39;10;RUA ALIMENTADORA 08;12.0;12.0;22.5;22.5;270.0;;;;
Residencial Colina Park;39;11;RUA ALIMENTADORA 08;12.0;12.0;22.5;22.5;270.0;;;;
Residencial Colina Park;39;12;RUA ALIMENTADORA 08;12.0;12.0;22.5;22.5;270.0;;;;
Residencial Colina Park;39;13;RUA ALIMENTADORA 08;20.89;;;;298.21;;;;
Residencial Colina Park;39;14;RUA ALIMENTADORA 08;10.5;10.5;25.89;25.89;271.87;;;;
Residencial Colina Park;39;15;RUA ALIMENTADORA 08;10.5;10.5;25.89;25.89;271.87;;;;
Residencial Colina Park;39;16;RUA LOCAL 16;20.89;;;;298.21;;;;
Residencial Colina Park;39;17;RUA LOCAL 16;12.0;12.0;22.5;22.5;270.0;;;;
Residencial Colina Park;39;18;RUA LOCAL 16;12.0;12.0;22.5;22.5;270.0;;;;
Residencial Colina Park;39;19;RUA LOCAL 16;12.0;12.0;22.5;22.5;270.0;;;;
Residencial Colina Park;39;20;RUA LOCAL 16;12.0;12.0;22.5;22.5;270.0;;;;
Residencial Colina Park;39;21;RUA LOCAL 16;12.0;12.0;22.5;22.5;270.0;;;;
Residencial Colina Park;39;22;RUA LOCAL 16;12.0;12.0;22.5;22.5;270.0;;;;
Residencial Colina Park;39;23;RUA LOCAL 16;12.0;12.0;22.5;22.5;270.0;;;;
Residencial Colina Park;39;24;RUA LOCAL 16;12.0;12.0;22.5;22.5;270.0;;;;
Residencial Colina Park;39;25;RUA LOCAL 16;12.0;12.0;22.5;22.5;270.0;;;;
Residencial Colina Park;39;26;RUA LOCAL 16;12.0;12.0;22.5;22.5;270.0;;;;
Residencial Colina Park;39;27;RUA LOCAL 16;12.0;12.0;22.5;22.5;270.0;;;;
Residencial Colina Park;39;28;RUA LOCAL 16;20.0;;;;275.0;;;;
Residencial Colina Park;39;29;RUA ALIMENTADORA 10;11.0;11.0;25.0;25.0;275.0;;;;
Residencial Colina Park;39;30;RUA ALIMENTADORA 10;11.0;11.0;25.0;25.0;275.0;;;;
Residencial Colina Park;40;01;RUA ALIMENTADORA 10;20.0;;;;312.5;;;;
Residencial Colina Park;40;02;AVENIDA 02;12.0;12.0;25.0;25.0;300.0;;;;
Residencial Colina Park;40;03;AVENIDA 02;12.0;12.0;25.0;25.0;300.0;;;;
Residencial Colina Park;40;04;AVENIDA 02;12.0;12.0;25.0;25.0;300.0;;;;
Residencial Colina Park;40;05;AVENIDA 02;12.0;12.0;25.0;25.0;300.0;;;;
Residencial Colina Park;40;06;AVENIDA 02;12.0;12.0;25.0;25.0;300.0;;;;
Residencial Colina Park;40;07;AVENIDA 02;12.0;12.0;25.0;25.0;300.0;;;;
Residencial Colina Park;40;08;AVENIDA 02;12.0;12.0;25.0;25.0;300.0;;;;
Residencial Colina Park;40;09;AVENIDA 02;12.0;12.0;25.0;25.0;300.0;;;;
Residencial Colina Park;40;10;AVENIDA 02;12.0;12.0;25.0;25.0;300.0;;;;
Residencial Colina Park;40;11;AVENIDA 02;12.0;12.0;25.0;25.0;300.0;;;;
Residencial Colina Park;40;12;AVENIDA 02;12.0;12.0;25.0;25.0;300.0;;;;
Residencial Colina Park;40;13;AVENIDA 02;12.0;12.0;25.0;25.0;300.0;;;;
Residencial Colina Park;40;14;AVENIDA 02;12.0;12.0;25.0;25.0;300.0;;;;
Residencial Colina Park;40;15;RUA ALIMENTADORA 08;20.0;;;;336.43;;;;
Residencial Colina Park;40;16;RUA ALIMENTADORA 08;12.0;12.0;25.89;25.89;310.71;;;;
Residencial Colina Park;40;17;RUA ALIMENTADORA 08;20.89;;;;324.1;;;;
Residencial Colina Park;40;17;RUA ALIMENTADORA 08;20.89;;;;324.1;;;;
Residencial Colina Park;40;18;RUA ALIMENTADORA 08;12.0;12.0;25.0;25.0;300.0;;;;
Residencial Colina Park;40;19;RUA ALIMENTADORA 08;12.0;12.0;25.0;25.0;300.0;;;;
Residencial Colina Park;40;20;RUA ALIMENTADORA 08;12.0;12.0;25.0;25.0;300.0;;;;
Residencial Colina Park;40;21;RUA ALIMENTADORA 08;12.0;12.0;25.0;25.0;300.0;;;;
Residencial Colina Park;40;22;RUA ALIMENTADORA 08;12.0;12.0;25.0;25.0;300.0;;;;
Residencial Colina Park;40;23;RUA ALIMENTADORA 08;12.0;12.0;25.0;25.0;300.0;;;;
Residencial Colina Park;40;24;RUA ALIMENTADORA 08;12.0;12.0;25.0;25.0;300.0;;;;
Residencial Colina Park;40;25;RUA ALIMENTADORA 08;12.0;12.0;25.0;25.0;300.0;;;;
Residencial Colina Park;40;26;RUA ALIMENTADORA 08;12.0;12.0;25.0;25.0;300.0;;;;
Residencial Colina Park;40;27;RUA ALIMENTADORA 08;12.0;12.0;25.0;25.0;300.0;;;;
Residencial Colina Park;40;28;RUA ALIMENTADORA 08;12.0;12.0;25.0;25.0;300.0;;;;
Residencial Colina Park;40;29;RUA ALIMENTADORA 08;20.0;;;;312.5;;;;
Residencial Colina Park;40;30;RUA ALIMENTADORA 10;12.0;12.0;25.0;25.0;300.0;;;;
Residencial Colina Park;41;01;RUA ALIMENTADORA 09;20.0;;;;312.5;;;;
Residencial Colina Park;41;01;RUA ALIMENTADORA 09;20.0;;;;312.5;;;;
Residencial Colina Park;41;02;RUA ALIMENTADORA 09;12.0;12.0;25.0;25.0;300.0;;;;
Residencial Colina Park;41;02;RUA ALIMENTADORA 09;12.0;12.0;25.0;25.0;300.0;;;;
Residencial Colina Park;41;03;RUA ALIMENTADORA 09;12.0;12.0;25.0;25.0;300.0;;;;
Residencial Colina Park;41;03;RUA ALIMENTADORA 09;12.0;12.0;25.0;25.0;300.0;;;;
Residencial Colina Park;41;04;RUA ALIMENTADORA 09;12.0;12.0;25.0;25.0;300.0;;;;
Residencial Colina Park;41;04;RUA ALIMENTADORA 09;12.0;12.0;25.0;25.0;300.0;;;;
Residencial Colina Park;41;05;RUA ALIMENTADORA 09;12.0;12.0;25.0;25.0;300.0;;;;
Residencial Colina Park;41;05;RUA ALIMENTADORA 09;12.0;12.0;25.0;25.0;300.0;;;;
Residencial Colina Park;41;06;RUA ALIMENTADORA 09;12.0;12.0;25.0;25.0;300.0;;;;
Residencial Colina Park;41;06;RUA ALIMENTADORA 09;12.0;12.0;25.0;25.0;300.0;;;;
Residencial Colina Park;41;07;RUA ALIMENTADORA 09;12.0;12.0;25.0;25.0;300.0;;;;
Residencial Colina Park;41;07;RUA ALIMENTADORA 09;12.0;12.0;25.0;25.0;300.0;;;;
Residencial Colina Park;41;08;RUA ALIMENTADORA 09;12.0;12.0;25.0;25.0;300.0;;;;
Residencial Colina Park;41;08;RUA ALIMENTADORA 09;12.0;12.0;25.0;25.0;300.0;;;;
Residencial Colina Park;41;09;RUA ALIMENTADORA 09;12.0;12.0;25.0;25.0;300.0;;;;
Residencial Colina Park;41;09;RUA ALIMENTADORA 09;12.0;12.0;25.0;25.0;300.0;;;;
Residencial Colina Park;41;10;RUA ALIMENTADORA 09;12.0;12.0;25.0;25.0;300.0;;;;
Residencial Colina Park;41;10;RUA ALIMENTADORA 09;12.0;12.0;25.0;25.0;300.0;;;;
Residencial Colina Park;41;11;RUA ALIMENTADORA 09;12.0;12.0;25.0;25.0;300.0;;;;
Residencial Colina Park;41;11;RUA ALIMENTADORA 09;12.0;12.0;25.0;25.0;300.0;;;;
Residencial Colina Park;41;12;RUA ALIMENTADORA 09;12.0;12.0;25.0;25.0;300.0;;;;
Residencial Colina Park;41;12;RUA ALIMENTADORA 09;12.0;12.0;25.0;25.0;300.0;;;;
Residencial Colina Park;41;13;RUA ALIMENTADORA 09;12.0;12.0;25.0;25.0;300.0;;;;
Residencial Colina Park;41;14;RUA ALIMENTADORA 09;12.0;12.0;25.0;25.0;300.0;;;;
Residencial Colina Park;41;15;RUA ALIMENTADORA 09;12.0;12.0;25.0;25.0;300.0;;;;
Residencial Colina Park;41;16;RUA ALIMENTADORA 09;12.0;12.0;25.0;25.0;300.0;;;;
Residencial Colina Park;41;17;RUA ALIMENTADORA 09;12.0;12.0;25.0;25.0;300.0;;;;
Residencial Colina Park;41;18;RUA ALIMENTADORA 09;20.11;;;;313.9;;;;
Residencial Colina Park;41;19;AVENIDA 03;12.0;12.0;25.11;25.11;301.29;;;;
Residencial Colina Park;41;20;AVENIDA 03;20.0;;;;315.19;;;;
Residencial Colina Park;41;21;AVENIDA 02;12.0;12.0;25.0;25.0;300.0;;;;
Residencial Colina Park;41;22;AVENIDA 02;12.0;12.0;25.0;25.0;300.0;;;;
Residencial Colina Park;41;23;AVENIDA 02;12.0;12.0;25.0;25.0;300.0;;;;
Residencial Colina Park;41;24;AVENIDA 02;12.0;12.0;25.0;25.0;300.0;;;;
Residencial Colina Park;41;25;AVENIDA 02;12.0;12.0;25.0;25.0;300.0;;;;
Residencial Colina Park;41;26;AVENIDA 02;12.0;12.0;25.0;25.0;300.0;;;;
Residencial Colina Park;41;27;AVENIDA 02;12.0;12.0;25.0;25.0;300.0;;;;
Residencial Colina Park;41;27;AVENIDA 02;12.0;12.0;25.0;25.0;300.0;;;;
Residencial Colina Park;41;28;AVENIDA 02;12.0;12.0;25.0;25.0;300.0;;;;
Residencial Colina Park;41;28;AVENIDA 02;12.0;12.0;25.0;25.0;300.0;;;;
Residencial Colina Park;41;29;AVENIDA 02;12.0;12.0;25.0;25.0;300.0;;;;
Residencial Colina Park;41;29;AVENIDA 02;12.0;12.0;25.0;25.0;300.0;;;;
Residencial Colina Park;41;30;AVENIDA 02;12.0;12.0;25.0;25.0;300.0;;;;
Residencial Colina Park;41;30;AVENIDA 02;12.0;12.0;25.0;25.0;300.0;;;;
Residencial Colina Park;41;31;AVENIDA 02;12.0;12.0;25.0;25.0;300.0;;;;
Residencial Colina Park;41;31;AVENIDA 02;12.0;12.0;25.0;25.0;300.0;;;;
Residencial Colina Park;41;32;AVENIDA 02;12.0;12.0;25.0;25.0;300.0;;;;
Residencial Colina Park;41;32;AVENIDA 02;12.0;12.0;25.0;25.0;300.0;;;;
Residencial Colina Park;41;33;AVENIDA 02;12.0;12.0;25.0;25.0;300.0;;;;
Residencial Colina Park;41;33;AVENIDA 02;12.0;12.0;25.0;25.0;300.0;;;;
Residencial Colina Park;41;34;AVENIDA 02;12.0;12.0;25.0;25.0;300.0;;;;
Residencial Colina Park;41;34;AVENIDA 02;12.0;12.0;25.0;25.0;300.0;;;;
Residencial Colina Park;41;35;AVENIDA 02;12.0;12.0;25.0;25.0;300.0;;;;
Residencial Colina Park;41;35;AVENIDA 02;12.0;12.0;25.0;25.0;300.0;;;;
Residencial Colina Park;41;36;AVENIDA 02;12.0;12.0;25.0;25.0;300.0;;;;
Residencial Colina Park;41;36;AVENIDA 02;12.0;12.0;25.0;25.0;300.0;;;;
Residencial Colina Park;41;37;AVENIDA 02;12.0;12.0;25.0;25.0;300.0;;;;
Residencial Colina Park;41;37;AVENIDA 02;12.0;12.0;25.0;25.0;300.0;;;;
Residencial Colina Park;41;38;AVENIDA 02;12.0;12.0;25.0;25.0;300.0;;;;
Residencial Colina Park;41;38;AVENIDA 02;12.0;12.0;25.0;25.0;300.0;;;;
Residencial Colina Park;41;39;RUA ALIMENTADORA 10;20.0;;;;312.5;;;;
Residencial Colina Park;41;40;RUA ALIMENTADORA 10;12.0;12.0;25.0;25.0;300.0;;;;
Residencial Colina Park;41;40;RUA ALIMENTADORA 10;12.0;12.0;25.0;25.0;300.0;;;;
Residencial Colina Park;42;01;RUA ALIMENTADORA 10;20.0;;;;275.0;;;;
Residencial Colina Park;42;02;RUA ALIMENTADORA 10;12.0;;;;270.0;;;;
Residencial Colina Park;42;03;RUA ALIMENTADORA 10;12.0;12.0;22.5;22.5;270.0;;;;
Residencial Colina Park;42;04;RUA ALIMENTADORA 10;12.0;12.0;22.5;22.5;270.0;;;;
Residencial Colina Park;42;05;RUA ALIMENTADORA 10;12.0;12.0;22.5;22.5;270.0;;;;
Residencial Colina Park;42;06;RUA ALIMENTADORA 10;12.0;12.0;22.5;22.5;270.0;;;;
Residencial Colina Park;42;07;RUA ALIMENTADORA 10;12.0;12.0;22.5;22.5;270.0;;;;
Residencial Colina Park;42;08;RUA ALIMENTADORA 10;12.0;12.0;22.5;22.5;270.0;;;;
Residencial Colina Park;42;09;RUA ALIMENTADORA 10;12.0;12.0;22.5;22.5;270.0;;;;
Residencial Colina Park;42;10;RUA ALIMENTADORA 10;12.0;12.0;22.5;22.5;270.0;;;;
Residencial Colina Park;42;11;RUA ALIMENTADORA 10;12.0;12.0;22.5;22.5;270.0;;;;
Residencial Colina Park;42;12;RUA ALIMENTADORA 10;12.0;12.0;22.5;22.5;270.0;;;;
Residencial Colina Park;42;13;RUA ALIMENTADORA 10;12.0;12.0;22.5;22.5;270.0;;;;
Residencial Colina Park;42;14;RUA ALIMENTADORA 10;12.0;12.0;22.5;22.5;270.0;;;;
Residencial Colina Park;42;15;RUA ALIMENTADORA 10;12.0;12.0;22.5;22.5;270.0;;;;
Residencial Colina Park;42;16;RUA ALIMENTADORA 10;12.0;12.0;22.5;22.5;270.0;;;;
Residencial Colina Park;42;17;RUA ALIMENTADORA 10;12.0;;;;270.0;;;;
Residencial Colina Park;42;18;RUA ALIMENTADORA 10;20.11;;;;276.23;;;;
Residencial Colina Park;42;19;RUA ALIMENTADORA 10;25.11;25.11;11.0;11.0;276.18;;;;
Residencial Colina Park;42;20;RUA ALIMENTADORA 09;25.11;25.11;11.0;11.0;276.18;;;;
Residencial Colina Park;42;21;RUA ALIMENTADORA 09;20.11;;;;276.23;;;;
Residencial Colina Park;42;22;RUA ALIMENTADORA 09;12.0;;;;270.0;;;;
Residencial Colina Park;42;23;RUA ALIMENTADORA 09;12.0;12.0;22.5;22.5;270.0;;;;
Residencial Colina Park;42;24;RUA ALIMENTADORA 09;12.0;12.0;22.5;22.5;270.0;;;;
Residencial Colina Park;42;25;RUA ALIMENTADORA 09;12.0;12.0;22.5;22.5;270.0;;;;
Residencial Colina Park;42;26;RUA ALIMENTADORA 09;12.0;12.0;22.5;22.5;270.0;;;;
Residencial Colina Park;42;27;RUA ALIMENTADORA 09;12.0;12.0;22.5;22.5;270.0;;;;
Residencial Colina Park;42;28;RUA ALIMENTADORA 09;12.0;12.0;22.5;22.5;270.0;;;;
Residencial Colina Park;42;29;RUA ALIMENTADORA 09;12.0;12.0;22.5;22.5;270.0;;;;
Residencial Colina Park;42;30;RUA ALIMENTADORA 09;12.0;12.0;22.5;22.5;270.0;;;;
Residencial Colina Park;42;31;RUA ALIMENTADORA 09;12.0;12.0;22.5;22.5;270.0;;;;
Residencial Colina Park;42;32;RUA ALIMENTADORA 09;12.0;12.0;22.5;22.5;270.0;;;;
Residencial Colina Park;42;33;RUA ALIMENTADORA 09;12.0;12.0;22.5;22.5;270.0;;;;
Residencial Colina Park;42;34;RUA ALIMENTADORA 09;12.0;12.0;22.5;22.5;270.0;;;;
Residencial Colina Park;42;35;RUA ALIMENTADORA 09;12.0;12.0;22.5;22.5;270.0;;;;
Residencial Colina Park;42;36;RUA ALIMENTADORA 09;12.0;12.0;22.5;22.5;270.0;;;;
Residencial Colina Park;42;37;RUA ALIMENTADORA 09;12.0;;;;270.0;;;;
Residencial Colina Park;42;38;RUA ALIMENTADORA 09;20.0;;;;275.0;;;;
Residencial Colina Park;42;39;RUA ALIMENTADORA 10;11.0;11.0;25.0;25.0;275.0;;;;
Residencial Colina Park;42;40;RUA ALIMENTADORA 10;11.0;11.0;25.0;25.0;275.0;;;;
Residencial Colina Park;43;01;RUA ALIMENTADORA 10;20.0;;;;287.96;;;;
Residencial Colina Park;43;02;RUA ALIMENTADORA 10;12.11;12.11;22.0;22.0;266.36;;;;
Residencial Colina Park;43;03;RUA ALIMENTADORA 10;10.0;10.0;22.0;22.0;220.0;;;;
Residencial Colina Park;43;04;RUA ALIMENTADORA 10;10.0;10.0;22.0;22.0;220.0;;;;
Residencial Colina Park;43;05;RUA ALIMENTADORA 10;10.0;10.0;22.0;22.0;220.0;;;;
Residencial Colina Park;43;06;RUA ALIMENTADORA 10;10.0;10.0;22.0;22.0;220.0;;;;
Residencial Colina Park;43;07;RUA ALIMENTADORA 10;10.0;10.0;22.0;22.0;220.0;;;;
Residencial Colina Park;43;08;RUA ALIMENTADORA 10;10.0;10.0;22.0;22.0;220.0;;;;
Residencial Colina Park;43;09;RUA ALIMENTADORA 10;10.0;10.0;22.0;22.0;220.0;;;;
Residencial Colina Park;43;10;RUA ALIMENTADORA 10;10.0;10.0;22.0;22.0;220.0;;;;
Residencial Colina Park;43;11;RUA ALIMENTADORA 10;10.0;10.0;22.0;22.0;220.0;;;;
Residencial Colina Park;43;12;RUA ALIMENTADORA 10;10.0;10.0;22.0;22.0;220.0;;;;
Residencial Colina Park;43;13;RUA ALIMENTADORA 10;10.0;10.0;22.0;22.0;220.0;;;;
Residencial Colina Park;43;14;RUA ALIMENTADORA 10;10.0;10.0;22.0;22.0;220.0;;;;
Residencial Colina Park;43;15;RUA ALIMENTADORA 10;10.0;10.0;22.0;22.0;220.0;;;;
Residencial Colina Park;43;16;RUA ALIMENTADORA 10;10.0;10.0;22.0;22.0;220.0;;;;
Residencial Colina Park;43;17;RUA ALIMENTADORA 10;10.0;10.0;22.0;22.0;220.0;;;;
Residencial Colina Park;43;18;RUA ALIMENTADORA 10;10.0;10.0;22.0;22.0;220.0;;;;
Residencial Colina Park;43;19;RUA ALIMENTADORA 10;10.0;10.0;22.0;22.0;220.0;;;;
Residencial Colina Park;43;20;RUA ALIMENTADORA 10;10.0;;;;220.0;;;;
Residencial Colina Park;43;21;RUA ALIMENTADORA 10;20.0;;;;287.5;;;;
Residencial Colina Park;43;22;RUA ALIMENTADORA 10;25.0;25.0;10.0;10.0;250.0;;;;
Residencial Colina Park;43;23;RUA ALIMENTADORA 10;25.0;25.0;10.0;10.0;250.0;;;;
Residencial Colina Park;43;24;RUA ALIMENTADORA 10;20.0;;;;287.5;;;;
Residencial Colina Park;43;25;RUA ALIMENTADORA 10;10.0;;;;220.0;;;;
Residencial Colina Park;43;26;RUA ALIMENTADORA 10;10.0;10.0;22.0;22.0;220.0;;;;
Residencial Colina Park;43;27;RUA ALIMENTADORA 10;10.0;10.0;22.0;22.0;220.0;;;;
Residencial Colina Park;43;28;RUA ALIMENTADORA 10;10.0;10.0;22.0;22.0;220.0;;;;
Residencial Colina Park;43;29;RUA ALIMENTADORA 10;10.0;10.0;22.0;22.0;220.0;;;;
Residencial Colina Park;43;30;RUA ALIMENTADORA 10;10.0;10.0;22.0;22.0;220.0;;;;
Residencial Colina Park;43;31;RUA ALIMENTADORA 10;10.0;10.0;22.0;22.0;220.0;;;;
Residencial Colina Park;43;32;RUA ALIMENTADORA 10;10.0;10.0;22.0;22.0;220.0;;;;
Residencial Colina Park;43;33;RUA ALIMENTADORA 10;10.0;10.0;22.0;22.0;220.0;;;;
Residencial Colina Park;43;34;RUA ALIMENTADORA 10;10.0;10.0;22.0;22.0;220.0;;;;
Residencial Colina Park;43;35;RUA ALIMENTADORA 10;10.0;10.0;22.0;22.0;220.0;;;;
Residencial Colina Park;43;36;RUA ALIMENTADORA 10;10.0;10.0;22.0;22.0;220.0;;;;
Residencial Colina Park;43;37;RUA ALIMENTADORA 10;10.0;10.0;22.0;22.0;220.0;;;;
Residencial Colina Park;43;38;RUA ALIMENTADORA 10;10.0;10.0;22.0;22.0;220.0;;;;
Residencial Colina Park;43;39;RUA ALIMENTADORA 10;10.0;10.0;22.0;22.0;220.0;;;;
Residencial Colina Park;43;40;RUA ALIMENTADORA 10;10.0;10.0;22.0;22.0;220.0;;;;
Residencial Colina Park;43;41;RUA ALIMENTADORA 10;10.0;10.0;22.0;22.0;220.0;;;;
Residencial Colina Park;43;42;RUA ALIMENTADORA 10;10.0;10.0;22.0;22.0;220.0;;;;
Residencial Colina Park;43;43;RUA ALIMENTADORA 10;12.11;12.11;22.0;22.0;266.36;;;;
Residencial Colina Park;43;44;RUA ALIMENTADORA 10;20.0;;;;287.5;;;;
Residencial Colina Park;43;45;RUA ALIMENTADORA 10;10.0;10.0;25.0;25.0;250.0;;;;
Residencial Colina Park;43;46;RUA ALIMENTADORA 10;9.96;10.0;25.0;25.0;249.54;;;;
Residencial Colina Park;44;01;AVENIDA 03;22.34;;;;277.21;;;;
Residencial Colina Park;44;02;AVENIDA 03;27.11;27.11;12.0;12.0;325.29;;;;
Residencial Colina Park;44;03;AVENIDA 03;12.0;;;;325.29;;;;
Residencial Colina Park;44;04;RUA ALIMENTADORA 10;12.11;;;;363.86;;;;
Residencial Colina Park;44;05;RUA ALIMENTADORA 10;10.0;10.0;22.0;22.0;220.0;;;;
Residencial Colina Park;44;06;RUA ALIMENTADORA 10;10.0;10.0;22.0;22.0;220.0;;;;
Residencial Colina Park;44;07;RUA ALIMENTADORA 10;10.0;10.0;22.0;22.0;220.0;;;;
Residencial Colina Park;44;08;RUA ALIMENTADORA 10;10.0;10.0;22.0;22.0;220.0;;;;
Residencial Colina Park;44;09;RUA ALIMENTADORA 10;10.0;10.0;22.0;22.0;220.0;;;;
Residencial Colina Park;44;10;RUA ALIMENTADORA 10;10.0;10.0;22.0;22.0;220.0;;;;
Residencial Colina Park;44;11;RUA ALIMENTADORA 10;10.0;10.0;22.0;22.0;220.0;;;;
Residencial Colina Park;44;12;RUA ALIMENTADORA 10;10.0;10.0;22.0;22.0;220.0;;;;
Residencial Colina Park;44;13;RUA ALIMENTADORA 10;10.0;10.0;22.0;22.0;220.0;;;;
Residencial Colina Park;44;14;RUA ALIMENTADORA 10;10.0;10.0;22.0;22.0;220.0;;;;
Residencial Colina Park;44;15;RUA ALIMENTADORA 10;10.0;10.0;22.0;22.0;220.0;;;;
Residencial Colina Park;44;16;RUA ALIMENTADORA 10;10.0;10.0;22.0;22.0;220.0;;;;
Residencial Colina Park;44;17;RUA ALIMENTADORA 10;10.0;10.0;22.0;22.0;220.0;;;;
Residencial Colina Park;44;18;RUA ALIMENTADORA 10;10.0;10.0;22.0;22.0;220.0;;;;
Residencial Colina Park;44;19;RUA ALIMENTADORA 10;10.0;10.0;22.0;22.0;220.0;;;;
Residencial Colina Park;44;20;RUA ALIMENTADORA 10;10.0;10.0;22.0;22.0;220.0;;;;
Residencial Colina Park;44;21;RUA ALIMENTADORA 10;10.0;10.0;22.0;22.0;220.0;;;;
Residencial Colina Park;44;22;RUA ALIMENTADORA 10;10.0;10.0;22.0;22.0;220.0;;;;
Residencial Colina Park;44;23;AVENIDA 03;10.08;10.0;32.78;31.48;321.28;;;;
Residencial Colina Park;44;24;AVENIDA 03;10.09;10.0;31.48;30.17;308.26;;;;
Residencial Colina Park;44;25;RUA ALIMENTADORA 10;20.0;;;;364.68;;;;
Residencial Colina Park;44;26;AVENIDA 03;20.21;;;;324.07;;;;
Residencial Colina Park;44;27;AVENIDA 03;20.17;;;;241.65;;;;
Residencial Colina Park;44;28;AVENIDA 03;20.17;;;;293.76;;;;
Residencial Colina Park;44;29;AVENIDA 03;19.16;;;;327.34;;;;
Residencial Colina Park;44;30;AVENIDA 03;11.09;11.0;19.9;18.47;211.01;;;;
Residencial Colina Park;44;31;AVENIDA 03;10.08;10.0;21.2;19.9;205.5;;;;
Residencial Colina Park;44;32;AVENIDA 03;10.08;10.0;22.5;21.2;218.53;;;;
Residencial Colina Park;44;33;AVENIDA 03;10.09;10.0;23.81;22.5;231.56;;;;
Residencial Colina Park;44;34;AVENIDA 03;10.08;10.0;25.11;23.81;244.58;;;;
Residencial Colina Park;44;35;AVENIDA 03;10.08;10.0;26.41;25.11;257.61;;;;
Residencial Colina Park;44;36;AVENIDA 03;10.09;10.0;27.72;26.41;270.64;;;;
Residencial Colina Park;44;37;AVENIDA 03;10.08;10.0;29.02;27.72;283.67;;;;
Residencial Colina Park;44;38;AVENIDA 03;10.08;10.0;30.32;29.02;296.69;;;;
Residencial Colina Park;44;39;AVENIDA 03;10.08;10.0;31.62;30.32;309.72;;;;
Residencial Colina Park;44;40;AVENIDA 03;10.08;;;;322.75;;;;
Residencial Colina Park;45;01;RUA ALIMENTADORA 09;20.0;;;;312.5;;;;
Residencial Colina Park;45;02;AVENIDA 03;12.0;;;;300.0;;;;
Residencial Colina Park;45;03;AVENIDA 03;12.0;;;;300.0;;;;
Residencial Colina Park;45;04;AVENIDA 03;12.0;12.0;25.0;25.0;300.0;;;;
Residencial Colina Park;45;05;AVENIDA 03;12.0;12.0;25.0;25.0;300.0;;;;
Residencial Colina Park;45;06;AVENIDA 03;12.0;12.0;25.0;25.0;300.0;;;;
Residencial Colina Park;45;07;AVENIDA 03;12.0;12.0;25.0;25.0;300.0;;;;
Residencial Colina Park;45;08;AVENIDA 03;12.0;12.0;25.0;25.0;300.0;;;;
Residencial Colina Park;45;09;AVENIDA 03;12.0;12.0;25.0;25.0;300.0;;;;
Residencial Colina Park;45;10;AVENIDA 03;12.0;12.0;25.0;25.0;300.0;;;;
Residencial Colina Park;45;11;AVENIDA 03;12.0;12.0;25.0;25.0;300.0;;;;
Residencial Colina Park;45;12;AVENIDA 03;12.0;12.0;25.0;25.0;300.0;;;;
Residencial Colina Park;45;13;AVENIDA 03;12.0;12.0;25.0;25.0;300.0;;;;
Residencial Colina Park;45;14;AVENIDA 03;20.21;;;;461.41;;;;
Residencial Colina Park;45;15;AVENIDA 03;12.1;12.0;22.14;20.58;256.35;;;;
Residencial Colina Park;45;16;RUA LOCAL 19;18.84;;;;286.48;;;;
Residencial Colina Park;45;17;RUA LOCAL 19;12.0;12.0;25.0;25.0;300.0;;;;
Residencial Colina Park;45;18;RUA LOCAL 19;12.0;12.0;25.0;25.0;300.0;;;;
Residencial Colina Park;45;19;RUA LOCAL 19;12.0;12.0;25.0;25.0;300.0;;;;
Residencial Colina Park;45;20;RUA LOCAL 19;12.0;12.0;25.0;25.0;300.0;;;;
Residencial Colina Park;45;21;RUA LOCAL 19;12.0;12.0;25.0;25.0;300.0;;;;
Residencial Colina Park;45;22;RUA LOCAL 19;12.0;12.0;25.0;25.0;300.0;;;;
Residencial Colina Park;45;23;RUA LOCAL 19;12.0;12.0;25.0;25.0;300.0;;;;
Residencial Colina Park;45;24;RUA LOCAL 19;12.0;12.0;25.0;25.0;300.0;;;;
Residencial Colina Park;45;25;RUA LOCAL 19;12.0;12.0;25.0;25.0;300.0;;;;
Residencial Colina Park;45;26;RUA LOCAL 19;12.0;12.0;25.0;25.0;300.0;;;;
Residencial Colina Park;45;27;RUA LOCAL 19;12.0;;;;300.0;;;;
Residencial Colina Park;45;28;RUA LOCAL 19;20.0;;;;312.5;;;;
Residencial Colina Park;45;29;RUA ALIMENTADORA 09;12.0;12.0;25.0;25.0;300.0;;;;
Residencial Colina Park;46;01;RUA LOCAL 19;18.0;;;;263.5;;;;
Residencial Colina Park;46;02;RUA LOCAL 19;10.0;;;;220.0;;;;
Residencial Colina Park;46;03;RUA LOCAL 19;10.0;10.0;22.0;22.0;220.0;;;;
Residencial Colina Park;46;04;RUA LOCAL 19;10.0;10.0;22.0;22.0;220.0;;;;
Residencial Colina Park;46;05;RUA LOCAL 19;10.0;10.0;22.0;22.0;220.0;;;;
Residencial Colina Park;46;06;RUA LOCAL 19;10.0;10.0;22.0;22.0;220.0;;;;
Residencial Colina Park;46;07;RUA LOCAL 19;10.0;10.0;22.0;22.0;220.0;;;;
Residencial Colina Park;46;10;RUA LOCAL 19;10.0;10.0;22.0;22.0;220.0;;;;
Residencial Colina Park;46;11;RUA LOCAL 19;10.0;10.0;22.0;22.0;220.0;;;;
Residencial Colina Park;46;12;RUA LOCAL 19;10.0;10.0;22.0;22.0;220.0;;;;
Residencial Colina Park;46;13;RUA LOCAL 19;10.0;10.0;22.0;22.0;220.0;;;;
Residencial Colina Park;46;14;RUA LOCAL 19;10.0;10.0;22.0;22.0;220.0;;;;
Residencial Colina Park;46;15;RUA LOCAL 19;10.0;10.0;22.0;22.0;220.0;;;;
Residencial Colina Park;46;16;RUA LOCAL 19;10.0;10.0;22.0;22.0;220.0;;;;
Residencial Colina Park;46;17;AVENIDA 03;17.19;;;;225.95;;;;
Residencial Colina Park;46;18;AVENIDA 03;17.19;;;;289.0;;;;
Residencial Colina Park;46;19;RUA LOCAL 20;10.0;10.0;22.0;22.0;220.0;;;;
Residencial Colina Park;46;20;RUA LOCAL 20;10.0;10.0;22.0;22.0;220.0;;;;
Residencial Colina Park;46;21;RUA LOCAL 20;10.0;10.0;22.0;22.0;220.0;;;;
Residencial Colina Park;46;22;RUA LOCAL 20;10.0;10.0;22.0;22.0;220.0;;;;
Residencial Colina Park;46;23;RUA LOCAL 20;10.0;10.0;22.0;22.0;220.0;;;;
Residencial Colina Park;46;24;RUA LOCAL 20;10.0;10.0;22.0;22.0;220.0;;;;
Residencial Colina Park;46;25;RUA LOCAL 20;10.0;10.0;22.0;22.0;220.0;;;;
Residencial Colina Park;46;28;RUA LOCAL 20;10.0;10.0;22.0;22.0;220.0;;;;
Residencial Colina Park;46;29;RUA LOCAL 20;10.0;10.0;22.0;22.0;220.0;;;;
Residencial Colina Park;46;30;RUA LOCAL 20;10.0;10.0;22.0;22.0;220.0;;;;
Residencial Colina Park;46;31;RUA LOCAL 20;10.0;10.0;22.0;22.0;220.0;;;;
Residencial Colina Park;46;32;RUA LOCAL 20;10.0;10.0;22.0;22.0;220.0;;;;
Residencial Colina Park;46;33;RUA LOCAL 20;10.0;;;;220.0;;;;
Residencial Colina Park;46;34;RUA LOCAL 20;18.0;;;;263.5;;;;
Residencial Colina Park;46;35;RUA ALIMENTADORA 09;10.0;10.0;23.0;23.0;230.0;;;;
Residencial Colina Park;46;36;RUA ALIMENTADORA 09;10.0;10.0;23.0;23.0;230.0;;;;
Residencial Colina Park;47;01;RUA ALIMENTADORA 09;15.0;;;;247.5;;;;
Residencial Colina Park;47;02;RUA LOCAL 20;10.0;10.0;20.0;20.0;200.0;;;;
Residencial Colina Park;47;03;RUA LOCAL 20;10.0;10.0;20.0;20.0;200.0;;;;
Residencial Colina Park;47;04;RUA LOCAL 20;10.0;10.0;20.0;20.0;200.0;;;;
Residencial Colina Park;47;05;RUA LOCAL 20;10.0;10.0;20.0;20.0;200.0;;;;
Residencial Colina Park;47;06;RUA LOCAL 20;10.0;10.0;20.0;20.0;200.0;;;;
Residencial Colina Park;47;07;RUA LOCAL 20;10.0;10.0;20.0;20.0;200.0;;;;
Residencial Colina Park;47;08;RUA LOCAL 20;10.0;10.0;20.0;20.0;200.0;;;;
Residencial Colina Park;47;11;RUA LOCAL 20;10.0;10.0;20.0;20.0;200.0;;;;
Residencial Colina Park;47;12;RUA LOCAL 20;10.0;10.0;20.0;20.0;200.0;;;;
Residencial Colina Park;47;13;RUA LOCAL 20;10.0;10.0;20.0;20.0;200.0;;;;
Residencial Colina Park;47;14;RUA LOCAL 20;10.0;10.0;20.0;20.0;200.0;;;;
Residencial Colina Park;47;15;RUA LOCAL 20;10.0;10.0;20.0;20.0;200.0;;;;
Residencial Colina Park;47;16;RUA LOCAL 20;10.0;10.0;20.0;20.0;200.0;;;;
Residencial Colina Park;47;17;RUA LOCAL 20;10.0;10.0;20.0;20.0;200.0;;;;
Residencial Colina Park;47;18;RUA LOCAL 20;11.7;;;;234.12;;;;
Residencial Colina Park;47;19;AVENIDA 03;12.1;12.0;20.08;18.52;231.62;;;;
Residencial Colina Park;47;20;RUA LOCAL 21;16.91;;;;281.54;;;;
Residencial Colina Park;47;21;RUA LOCAL 21;10.0;10.0;20.0;20.0;200.0;;;;
Residencial Colina Park;47;22;RUA LOCAL 21;10.0;10.0;20.0;20.0;200.0;;;;
Residencial Colina Park;47;23;RUA LOCAL 21;10.0;10.0;20.0;20.0;200.0;;;;
Residencial Colina Park;47;24;RUA LOCAL 21;10.0;10.0;20.0;20.0;200.0;;;;
Residencial Colina Park;47;25;RUA LOCAL 21;10.0;10.0;20.0;20.0;200.0;;;;
Residencial Colina Park;47;26;RUA LOCAL 21;10.0;10.0;20.0;20.0;200.0;;;;
Residencial Colina Park;47;27;RUA LOCAL 21;10.0;10.0;20.0;20.0;200.0;;;;
Residencial Colina Park;47;30;RUA LOCAL 21;10.0;10.0;20.0;20.0;200.0;;;;
Residencial Colina Park;47;31;RUA LOCAL 21;10.0;10.0;20.0;20.0;200.0;;;;
Residencial Colina Park;47;32;RUA LOCAL 21;10.0;10.0;20.0;20.0;200.0;;;;
Residencial Colina Park;47;33;RUA LOCAL 21;10.0;10.0;20.0;20.0;200.0;;;;
Residencial Colina Park;47;34;RUA LOCAL 21;10.0;10.0;20.0;20.0;200.0;;;;
Residencial Colina Park;47;35;RUA LOCAL 21;10.0;10.0;20.0;20.0;200.0;;;;
Residencial Colina Park;47;36;RUA LOCAL 21;10.0;10.0;20.0;20.0;200.0;;;;
Residencial Colina Park;47;37;RUA ALIMENTADORA 09;15.0;;;;247.5;;;;
Residencial Colina Park;48;01;RUA ALIMENTADORA 09;15.0;;;;247.5;;;;
Residencial Colina Park;48;02;RUA LOCAL 21;10.0;10.0;20.0;20.0;200.0;;;;
Residencial Colina Park;48;03;RUA LOCAL 21;10.0;10.0;20.0;20.0;200.0;;;;
Residencial Colina Park;48;04;RUA LOCAL 21;10.0;10.0;20.0;20.0;200.0;;;;
Residencial Colina Park;48;05;RUA LOCAL 21;10.0;10.0;20.0;20.0;200.0;;;;
Residencial Colina Park;48;06;RUA LOCAL 21;10.0;10.0;20.0;20.0;200.0;;;;
Residencial Colina Park;48;07;RUA LOCAL 21;10.0;10.0;20.0;20.0;200.0;;;;
Residencial Colina Park;48;08;RUA LOCAL 21;10.0;10.0;20.0;20.0;200.0;;;;
Residencial Colina Park;48;09;RUA LOCAL 21;10.0;10.0;20.0;20.0;200.0;;;;
Residencial Colina Park;48;10;RUA LOCAL 21;10.0;10.0;20.0;20.0;200.0;;;;
Residencial Colina Park;48;11;RUA LOCAL 21;10.0;10.0;20.0;20.0;200.0;;;;
Residencial Colina Park;48;12;RUA LOCAL 21;10.0;10.0;20.0;20.0;200.0;;;;
Residencial Colina Park;48;13;RUA LOCAL 21;10.0;10.0;20.0;20.0;200.0;;;;
Residencial Colina Park;48;14;RUA LOCAL 21;10.0;10.0;20.0;20.0;200.0;;;;
Residencial Colina Park;48;15;RUA LOCAL 21;10.0;10.0;20.0;20.0;200.0;;;;
Residencial Colina Park;48;16;RUA LOCAL 21;10.0;10.0;20.0;20.0;200.0;;;;
Residencial Colina Park;48;17;RUA LOCAL 21;10.0;10.0;20.0;20.0;200.0;;;;
Residencial Colina Park;48;18;RUA LOCAL 21;10.0;10.0;20.0;20.0;200.0;;;;
Residencial Colina Park;48;19;AVENIDA 03;10.13;;;;204.31;;;;
Residencial Colina Park;48;20;AVENIDA 03;12.1;12.07;16.99;15.42;195.05;;;;
Residencial Colina Park;48;21;RUA ALIMENTADORA 12;13.68;;;;218.87;;;;
Residencial Colina Park;48;22;RUA ALIMENTADORA 12;10.0;10.0;20.0;20.0;200.0;;;;
Residencial Colina Park;48;23;RUA ALIMENTADORA 12;10.0;10.0;20.0;20.0;200.0;;;;
Residencial Colina Park;48;24;RUA ALIMENTADORA 12;10.0;10.0;20.0;20.0;200.0;;;;
Residencial Colina Park;48;25;RUA ALIMENTADORA 12;10.0;10.0;20.0;20.0;200.0;;;;
Residencial Colina Park;48;26;RUA ALIMENTADORA 12;10.0;10.0;20.0;20.0;200.0;;;;
Residencial Colina Park;48;27;RUA ALIMENTADORA 12;10.0;10.0;20.0;20.0;200.0;;;;
Residencial Colina Park;48;28;RUA ALIMENTADORA 12;10.0;10.0;20.0;20.0;200.0;;;;
Residencial Colina Park;48;29;RUA ALIMENTADORA 12;10.0;10.0;20.0;20.0;200.0;;;;
Residencial Colina Park;48;30;RUA ALIMENTADORA 12;10.0;10.0;20.0;20.0;200.0;;;;
Residencial Colina Park;48;31;RUA ALIMENTADORA 12;10.0;10.0;20.0;20.0;200.0;;;;
Residencial Colina Park;48;32;RUA ALIMENTADORA 12;10.0;10.0;20.0;20.0;200.0;;;;
Residencial Colina Park;48;33;RUA ALIMENTADORA 12;10.0;10.0;20.0;20.0;200.0;;;;
Residencial Colina Park;48;34;RUA ALIMENTADORA 12;10.0;10.0;20.0;20.0;200.0;;;;
Residencial Colina Park;48;35;RUA ALIMENTADORA 12;10.0;10.0;20.0;20.0;200.0;;;;
Residencial Colina Park;48;36;RUA ALIMENTADORA 12;10.0;10.0;20.0;20.0;200.0;;;;
Residencial Colina Park;48;37;RUA ALIMENTADORA 12;10.0;10.0;20.0;20.0;200.0;;;;
Residencial Colina Park;48;38;RUA ALIMENTADORA 12;10.0;10.0;20.0;20.0;200.0;;;;
Residencial Colina Park;48;39;RUA ALIMENTADORA 09;15.0;;;;247.5;;;;
Residencial Colina Park;49;01;AVENIDA 02;15.2;15.04;21.92;21.95;331.68;;;;
Residencial Colina Park;49;02;RUA ALIMENTADORA 12;16.95;;;;270.57;;;;
Residencial Colina Park;49;03;RUA ALIMENTADORA 12;10.0;10.0;27.83;27.93;278.78;;;;
Residencial Colina Park;49;04;RUA ALIMENTADORA 12;10.0;10.0;27.72;27.83;277.74;;;;
Residencial Colina Park;49;05;RUA ALIMENTADORA 12;10.0;10.0;27.62;27.72;276.7;;;;
Residencial Colina Park;49;06;RUA ALIMENTADORA 12;10.0;10.0;27.51;27.62;275.65;;;;
Residencial Colina Park;49;07;RUA ALIMENTADORA 12;10.0;;;;274.68;;;;
Residencial Colina Park;49;08;RUA ALIMENTADORA 12;10.0;10.0;27.35;27.43;273.91;;;;
Residencial Colina Park;49;09;RUA ALIMENTADORA 12;10.0;10.0;27.28;27.35;273.15;;;;
Residencial Colina Park;49;10;RUA ALIMENTADORA 12;10.0;10.0;27.2;27.28;272.4;;;;
Residencial Colina Park;49;11;RUA ALIMENTADORA 12;10.0;10.0;27.13;27.2;271.64;;;;
Residencial Colina Park;49;12;RUA ALIMENTADORA 12;10.0;;;;270.8;;;;
Residencial Colina Park;49;13;RUA ALIMENTADORA 12;10.0;10.0;26.86;27.01;269.39;;;;
Residencial Colina Park;49;14;RUA ALIMENTADORA 12;10.0;10.0;26.71;26.86;267.89;;;;
Residencial Colina Park;49;15;RUA ALIMENTADORA 12;10.0;10.0;26.56;26.71;266.39;;;;
Residencial Colina Park;49;16;RUA ALIMENTADORA 12;10.0;;;;265.01;;;;
Residencial Colina Park;49;17;RUA ALIMENTADORA 12;10.0;10.0;26.6;26.49;265.44;;;;
Residencial Colina Park;49;18;RUA ALIMENTADORA 12;10.0;;;;265.62;;;;
Residencial Colina Park;49;19;RUA ALIMENTADORA 12;10.0;10.0;26.44;26.52;264.8;;;;
Residencial Colina Park;49;20;RUA ALIMENTADORA 12;10.0;10.0;26.36;26.44;263.97;;;;
Residencial Colina Park;49;21;RUA ALIMENTADORA 12;10.0;10.0;26.27;26.36;263.14;;;;
Residencial Colina Park;49;22;RUA ALIMENTADORA 12;10.0;;;;262.21;;;;
Residencial Colina Park;49;23;RUA ALIMENTADORA 12;10.0;10.0;26.04;26.16;261.03;;;;
Residencial Colina Park;49;24;RUA ALIMENTADORA 12;10.0;10.0;25.92;26.04;259.84;;;;
Residencial Colina Park;49;25;RUA ALIMENTADORA 12;10.0;;;;258.47;;;;
Residencial Colina Park;49;26;AVENIDA 03;20.71;;;;371.51;;;;
Residencial Colina Park;50;01;RUA ALIMENTADORA 12;20.0;;;;365.19;;;;
Residencial Colina Park;50;02;AVENIDA 02;12.95;12.95;25.0;25.0;323.65;;;;
Residencial Colina Park;50;03;AVENIDA 02;13.05;13.05;25.0;25.0;326.35;;;;
Residencial Colina Park;50;04;AVENIDA 02;12.0;12.0;25.0;25.0;300.0;;;;
Residencial Colina Park;50;05;AVENIDA 02;12.0;12.0;25.0;25.0;300.0;;;;
Residencial Colina Park;50;06;AVENIDA 02;12.0;12.0;25.0;25.0;300.0;;;;
Residencial Colina Park;50;07;AVENIDA 02;12.0;12.0;25.0;25.0;300.0;;;;
Residencial Colina Park;50;08;AVENIDA 02;12.0;12.0;25.0;25.0;300.0;;;;
Residencial Colina Park;50;09;AVENIDA 02;12.0;12.0;25.0;25.0;300.0;;;;
Residencial Colina Park;50;10;AVENIDA 02;12.0;12.0;25.0;25.0;300.0;;;;
Residencial Colina Park;50;11;AVENIDA 02;12.0;12.0;25.0;25.0;300.0;;;;
Residencial Colina Park;50;12;AVENIDA 02;12.0;12.0;25.0;25.0;300.0;;;;
Residencial Colina Park;50;13;AVENIDA 02;12.0;12.0;25.0;25.0;300.0;;;;
Residencial Colina Park;50;14;AVENIDA 02;12.0;12.0;25.0;25.0;300.0;;;;
Residencial Colina Park;50;15;AVENIDA 02;12.0;12.0;25.0;25.0;300.0;;;;
Residencial Colina Park;50;16;AVENIDA 02;12.0;12.0;25.0;25.0;300.0;;;;
Residencial Colina Park;50;17;AVENIDA 03;20.0;;;;309.81;;;;
Residencial Colina Park;50;18;AVENIDA 03;12.0;12.0;24.89;24.89;298.71;;;;
Residencial Colina Park;50;19;RUA ALIMENTADORA 09;19.89;;;;311.1;;;;
Residencial Colina Park;50;20;RUA ALIMENTADORA 09;12.0;12.0;25.0;25.0;300.0;;;;
Residencial Colina Park;50;21;RUA ALIMENTADORA 09;12.0;12.0;25.0;25.0;300.0;;;;
Residencial Colina Park;50;22;RUA ALIMENTADORA 09;12.0;12.0;25.0;25.0;300.0;;;;
Residencial Colina Park;50;23;RUA ALIMENTADORA 09;12.0;12.0;25.0;25.0;300.0;;;;
Residencial Colina Park;50;24;RUA ALIMENTADORA 09;12.0;12.0;25.0;25.0;300.0;;;;
Residencial Colina Park;50;25;RUA ALIMENTADORA 09;12.0;12.0;25.0;25.0;300.0;;;;
Residencial Colina Park;50;26;RUA ALIMENTADORA 09;12.0;12.0;25.0;25.0;300.0;;;;
Residencial Colina Park;50;27;RUA ALIMENTADORA 09;12.0;12.0;25.0;25.0;300.0;;;;
Residencial Colina Park;50;28;RUA ALIMENTADORA 09;12.0;12.0;25.0;25.0;300.0;;;;
Residencial Colina Park;50;29;RUA ALIMENTADORA 09;12.0;12.0;25.0;25.0;300.0;;;;
Residencial Colina Park;50;30;RUA ALIMENTADORA 09;12.0;12.0;25.0;25.0;300.0;;;;
Residencial Colina Park;50;31;RUA ALIMENTADORA 09;12.0;12.0;25.0;25.0;300.0;;;;
Residencial Colina Park;50;32;RUA ALIMENTADORA 09;14.25;14.25;25.0;25.0;356.15;;;;
Residencial Colina Park;50;33;RUA ALIMENTADORA 09;21.86;;;;336.72;;;;
Residencial Colina Park;50;34;RUA ALIMENTADORA 12;12.02;12.0;26.86;26.86;322.58;;;;
Residencial Colina Park;51;01;RUA LOCAL 25;20.0;;;;334.76;;;;
Residencial Colina Park;51;02;AVENIDA 02;12.0;12.0;25.0;25.0;300.0;;;;
Residencial Colina Park;51;03;AVENIDA 02;12.0;12.0;25.0;25.0;300.0;;;;
Residencial Colina Park;51;04;AVENIDA 02;12.0;12.0;25.0;25.0;300.0;;;;
Residencial Colina Park;51;05;AVENIDA 02;12.0;12.0;25.0;25.0;300.0;;;;
Residencial Colina Park;51;06;AVENIDA 02;12.0;12.0;25.0;25.0;300.0;;;;
Residencial Colina Park;51;07;AVENIDA 02;12.0;12.0;25.0;25.0;300.0;;;;
Residencial Colina Park;51;08;AVENIDA 02;12.0;12.0;25.0;25.0;300.0;;;;
Residencial Colina Park;51;09;AVENIDA 02;12.0;12.0;25.0;25.0;300.0;;;;
Residencial Colina Park;51;10;AVENIDA 02;12.0;12.0;25.0;25.0;300.0;;;;
Residencial Colina Park;51;11;AVENIDA 02;12.0;12.0;25.0;25.0;300.0;;;;
Residencial Colina Park;51;12;RUA ALIMENTADORA 12;20.0;;;;340.23;;;;
Residencial Colina Park;51;13;RUA ALIMENTADORA 12;12.0;12.0;26.11;26.11;313.27;;;;
Residencial Colina Park;51;14;RUA LOCAL 22;21.11;;;;326.92;;;;
Residencial Colina Park;51;15;RUA LOCAL 22;12.0;12.0;25.0;25.0;300.0;;;;
Residencial Colina Park;51;16;RUA LOCAL 22;12.0;12.0;25.0;25.0;300.0;;;;
Residencial Colina Park;51;17;RUA LOCAL 22;12.0;12.0;25.0;25.0;300.0;;;;
Residencial Colina Park;51;18;RUA LOCAL 22;12.0;12.0;25.0;25.0;300.0;;;;
Residencial Colina Park;51;19;RUA LOCAL 22;12.0;12.0;25.0;25.0;300.0;;;;
Residencial Colina Park;51;20;RUA LOCAL 22;12.0;12.0;25.0;25.0;300.0;;;;
Residencial Colina Park;51;21;RUA LOCAL 22;12.0;12.0;25.0;25.0;300.0;;;;
Residencial Colina Park;51;22;RUA LOCAL 22;12.0;12.0;25.0;25.0;300.0;;;;
Residencial Colina Park;51;23;RUA LOCAL 22;20.89;;;;324.1;;;;
Residencial Colina Park;51;24;RUA LOCAL 25;11.98;;;;310.57;;;;
Residencial Colina Park;52;01;RUA LOCAL 16;21.0;;;;286.5;;;;
Residencial Colina Park;52;02;RUA LOCAL 25;11.0;11.0;26.0;26.0;286.0;;;;
Residencial Colina Park;52;03;RUA LOCAL 25;11.0;11.0;26.0;26.0;286.0;;;;
Residencial Colina Park;52;04;RUA LOCAL 22;21.0;;;;286.5;;;;
Residencial Colina Park;52;05;RUA LOCAL 22;12.0;12.0;22.5;22.5;270.0;;;;
Residencial Colina Park;52;06;RUA LOCAL 22;12.0;12.0;22.5;22.5;270.0;;;;
Residencial Colina Park;52;07;RUA LOCAL 22;12.0;12.0;22.5;22.5;270.0;;;;
Residencial Colina Park;52;08;RUA LOCAL 22;12.0;12.0;22.5;22.5;270.0;;;;
Residencial Colina Park;52;09;RUA LOCAL 22;12.0;12.0;22.5;22.5;270.0;;;;
Residencial Colina Park;52;10;RUA LOCAL 22;12.0;12.0;22.5;22.5;270.0;;;;
Residencial Colina Park;52;11;RUA LOCAL 22;12.0;12.0;22.5;22.5;270.0;;;;
Residencial Colina Park;52;12;RUA LOCAL 22;12.0;12.0;22.5;22.5;270.0;;;;
Residencial Colina Park;52;13;RUA LOCAL 22;12.0;12.0;22.5;22.5;270.0;;;;
Residencial Colina Park;52;14;RUA ALIMENTADORA 12;17.5;;;;302.5;;;;
Residencial Colina Park;52;15;RUA ALIMENTADORA 12;17.5;;;;302.5;;;;
Residencial Colina Park;52;16;RUA LOCAL 16;12.0;12.0;22.5;22.5;270.0;;;;
Residencial Colina Park;52;17;RUA LOCAL 16;12.0;12.0;22.5;22.5;270.0;;;;
Residencial Colina Park;52;18;RUA LOCAL 16;12.0;12.0;22.5;22.5;270.0;;;;
Residencial Colina Park;52;19;RUA LOCAL 16;12.0;12.0;22.5;22.5;270.0;;;;
Residencial Colina Park;52;20;RUA LOCAL 16;12.0;12.0;22.5;22.5;270.0;;;;
Residencial Colina Park;52;21;RUA LOCAL 16;12.0;12.0;22.5;22.5;270.0;;;;
Residencial Colina Park;52;22;RUA LOCAL 16;12.0;12.0;22.5;22.5;270.0;;;;
Residencial Colina Park;52;23;RUA LOCAL 16;12.0;12.0;22.5;22.5;270.0;;;;
Residencial Colina Park;52;24;RUA LOCAL 16;12.0;12.0;22.5;22.5;270.0;;;;
Residencial Colina Park;53;01;RUA LOCAL 16;24.27;;;;425.81;;;;
Residencial Colina Park;53;02;RUA ALIMENTADORA 12;10.0;10.0;29.09;29.17;291.27;;;;
Residencial Colina Park;53;03;RUA ALIMENTADORA 12;10.0;10.0;29.01;29.09;290.47;;;;
Residencial Colina Park;53;04;RUA ALIMENTADORA 12;10.0;10.0;28.93;29.01;289.67;;;;
Residencial Colina Park;53;05;RUA ALIMENTADORA 12;10.0;;;;288.87;;;;
Residencial Colina Park;53;06;RUA ALIMENTADORA 12;10.0;10.0;28.71;28.84;287.77;;;;
Residencial Colina Park;53;07;RUA ALIMENTADORA 12;10.0;10.0;28.59;28.71;286.52;;;;
Residencial Colina Park;53;08;RUA ALIMENTADORA 12;10.0;10.0;28.46;28.59;285.27;;;;
Residencial Colina Park;53;09;RUA ALIMENTADORA 12;17.0;;;;271.14;;;;
Residencial Colina Park;53;10;AVENIDA 02;15.35;15.57;22.0;22.0;340.11;;;;
Residencial Colina Park;54;01;RUA LOCAL 16;24.34;;;;310.78;;;;
Residencial Colina Park;54;01;RUA LOCAL 16;24.34;;;;310.51;;;;
Residencial Colina Park;54;02;RUA ALIMENTADORA 12;10.0;10.0;29.42;29.49;294.56;;;;
Residencial Colina Park;54;03;RUA ALIMENTADORA 12;10.0;;;;295.09;;;;
Residencial Colina Park;54;04;RUA ALIMENTADORA 12;10.0;10.0;29.51;29.51;295.14;;;;
Residencial Colina Park;54;05;RUA ALIMENTADORA 12;10.0;10.0;29.51;29.51;295.14;;;;
Residencial Colina Park;54;06;RUA ALIMENTADORA 12;10.0;10.0;29.51;29.51;295.14;;;;
Residencial Colina Park;54;07;RUA ALIMENTADORA 12;10.0;10.0;29.51;29.51;295.14;;;;
Residencial Colina Park;54;08;RUA ALIMENTADORA 12;10.0;10.0;29.51;29.51;295.14;;;;
Residencial Colina Park;54;09;RUA ALIMENTADORA 12;10.0;10.0;29.51;29.51;295.14;;;;
Residencial Colina Park;54;10;RUA ALIMENTADORA 12;10.0;10.0;29.51;29.51;295.14;;;;
Residencial Colina Park;54;11;RUA ALIMENTADORA 12;10.0;10.0;29.51;29.51;295.14;;;;
Residencial Colina Park;54;12;RUA ALIMENTADORA 12;10.0;10.0;29.51;29.51;295.14;;;;
Residencial Colina Park;54;14;RUA PERIMETRAL 01;1.96;;;;294.2;;;;
Residencial Colina Park;54;14;RUA PERIMETRAL 01;12.02;;;;397.96;;;;
Residencial Colina Park;54;14;RUA PERIMETRAL 01;1.96;;;;294.13;;;;
Residencial Colina Park;55;01;RUA LOCAL 16;17.0;;;;218.5;;;;
Residencial Colina Park;55;02;RUA ALIMENTADORA 12;10.0;10.0;22.0;22.0;220.0;;;;
Residencial Colina Park;55;03;RUA ALIMENTADORA 12;10.0;10.0;22.0;22.0;220.0;;;;
Residencial Colina Park;55;04;RUA ALIMENTADORA 12;10.0;10.0;22.0;22.0;220.0;;;;
Residencial Colina Park;55;05;RUA ALIMENTADORA 12;10.0;10.0;22.0;22.0;220.0;;;;
Residencial Colina Park;55;06;RUA ALIMENTADORA 12;10.0;10.0;22.0;22.0;220.0;;;;
Residencial Colina Park;55;07;RUA ALIMENTADORA 12;10.0;10.0;22.0;22.0;220.0;;;;
Residencial Colina Park;55;08;RUA ALIMENTADORA 12;10.0;10.0;22.0;22.0;220.0;;;;
Residencial Colina Park;55;09;RUA ALIMENTADORA 12;10.0;10.0;22.0;22.0;220.0;;;;
Residencial Colina Park;55;10;RUA ALIMENTADORA 12;22.36;;;;361.17;;;;
Residencial Colina Park;55;11;RUA ALIMENTADORA 12;19.69;;;;223.55;;;;
Residencial Colina Park;55;12;RUA LOCAL 23;13.92;;;;275.49;;;;
Residencial Colina Park;55;13;RUA LOCAL 23;10.0;10.0;22.0;22.0;220.0;;;;
Residencial Colina Park;55;14;RUA LOCAL 23;10.0;10.0;22.0;22.0;220.0;;;;
Residencial Colina Park;55;15;RUA LOCAL 23;10.0;10.0;22.0;22.0;220.0;;;;
Residencial Colina Park;55;16;RUA LOCAL 23;10.0;10.0;22.0;22.0;220.0;;;;
Residencial Colina Park;55;17;RUA LOCAL 23;10.0;10.0;22.0;22.0;220.0;;;;
Residencial Colina Park;55;18;RUA LOCAL 23;10.0;10.0;22.0;22.0;220.0;;;;
Residencial Colina Park;55;19;RUA LOCAL 23;10.0;10.0;22.0;22.0;220.0;;;;
Residencial Colina Park;55;20;RUA LOCAL 23;10.0;10.0;22.0;22.0;220.0;;;;
Residencial Colina Park;55;21;RUA LOCAL 16;17.0;;;;218.5;;;;
Residencial Colina Park;56;01;RUA LOCAL 16;15.0;;;;237.47;;;;
Residencial Colina Park;56;02;RUA LOCAL 23;10.0;10.0;20.0;20.0;200.0;;;;
Residencial Colina Park;56;03;RUA LOCAL 23;10.0;10.0;20.0;20.0;200.0;;;;
Residencial Colina Park;56;04;RUA LOCAL 23;10.0;10.0;20.0;20.0;200.0;;;;
Residencial Colina Park;56;05;RUA LOCAL 23;10.0;10.0;20.0;20.0;200.0;;;;
Residencial Colina Park;56;06;RUA LOCAL 23;10.0;10.0;20.0;20.0;200.0;;;;
Residencial Colina Park;56;07;RUA LOCAL 23;10.0;10.0;20.0;20.0;200.0;;;;
Residencial Colina Park;56;08;RUA LOCAL 23;10.0;10.0;20.0;20.0;200.0;;;;
Residencial Colina Park;56;09;RUA LOCAL 23;10.0;10.0;20.0;20.0;200.0;;;;
Residencial Colina Park;56;10;RUA LOCAL 23;10.0;10.0;20.0;20.0;200.0;;;;
Residencial Colina Park;56;11;RUA LOCAL 23;4.2;;;;326.35;;;;
Residencial Colina Park;56;12;VIELA01;10.0;13.11;18.99;27.46;232.25;;;;
Residencial Colina Park;56;13;VIELA01;14.0;15.47;18.99;12.4;219.72;;;;
Residencial Colina Park;56;14;VIELA01;18.0;18.15;12.4;10.04;201.92;;;;
Residencial Colina Park;56;15;VIELA01;10.0;10.0;20.0;20.0;200.0;;;;
Residencial Colina Park;56;16;VIELA01;10.0;10.0;20.0;20.0;200.0;;;;
Residencial Colina Park;56;17;VIELA01;10.0;10.0;20.0;20.0;200.0;;;;
Residencial Colina Park;56;18;VIELA01;10.0;10.0;20.0;20.0;200.0;;;;
Residencial Colina Park;56;19;VIELA01;10.0;10.0;20.0;20.0;200.0;;;;
Residencial Colina Park;56;20;VIELA01;10.0;10.0;20.0;20.0;200.0;;;;
Residencial Colina Park;56;21;VIELA01;10.0;10.0;20.0;20.0;200.0;;;;
Residencial Colina Park;56;22;VIELA01;10.0;10.0;20.0;20.0;200.0;;;;
Residencial Colina Park;56;23;VIELA01;10.0;10.0;20.0;20.0;200.0;;;;
Residencial Colina Park;56;24;VIELA01;10.0;10.0;20.0;20.0;200.0;;;;
Residencial Colina Park;56;25;VIELA01;10.0;10.0;20.0;20.0;200.0;;;;
Residencial Colina Park;56;26;RUA LOCAL 16;15.0;;;;237.47;;;;
Residencial Colina Park;57;01;VIELA01;16.0;17.53;11.83;19.0;246.58;;;;
Residencial Colina Park;57;02;VIELA01;10.0;;;;232.32;;;;
Residencial Colina Park;57;03;RUA PERIMETRAL 01;11.23;;;;221.67;;;;
Residencial Colina Park;57;04;RUA PERIMETRAL 01;5.07;;;;240.0;;;;
Residencial Colina Park;57;05;RUA PERIMETRAL 01;20.0;;;;240.0;;;;
Residencial Colina Park;57;06;RUA PERIMETRAL 01;25.23;;;;287.79;;;;
Residencial Colina Park;57;07;VIELA01;7.26;;;;197.6;;;;
Residencial Colina Park;57;08;VIELA01;10.0;10.0;20.0;20.0;200.0;;;;
Residencial Colina Park;57;09;VIELA01;4.05;;;;200.0;;;;
Residencial Colina Park;57;10;VIELA01;10.0;10.0;20.0;20.0;200.0;;;;
Residencial Colina Park;57;11;VIELA01;10.0;10.0;20.0;20.0;200.0;;;;
Residencial Colina Park;57;12;VIELA01;10.0;10.0;20.0;20.0;200.0;;;;
Residencial Colina Park;58;01;RUA LOCAL 16;15.0;;;;237.47;;;;
Residencial Colina Park;58;02;VIELA01;10.0;10.0;20.0;20.0;200.0;;;;
Residencial Colina Park;58;03;VIELA01;10.0;10.0;20.0;20.0;200.0;;;;
Residencial Colina Park;58;04;VIELA01;10.0;10.0;20.0;20.0;200.0;;;;
Residencial Colina Park;58;05;VIELA01;10.0;10.0;20.0;20.0;200.0;;;;
Residencial Colina Park;58;06;VIELA01;10.0;10.0;20.0;20.0;200.0;;;;
Residencial Colina Park;58;07;VIELA01;10.0;10.0;20.0;20.0;200.0;;;;
Residencial Colina Park;58;08;VIELA01;10.0;10.0;20.0;20.0;200.0;;;;
Residencial Colina Park;58;09;VIELA01;10.0;10.0;20.0;20.0;200.0;;;;
Residencial Colina Park;58;10;VIELA01;10.0;10.0;20.0;20.0;200.0;;;;
Residencial Colina Park;58;11;VIELA01;10.0;10.0;20.0;20.0;200.0;;;;
Residencial Colina Park;58;12;VIELA01;10.0;10.0;20.0;20.0;200.0;;;;
Residencial Colina Park;58;13;VIELA01;10.0;10.0;20.0;20.0;200.0;;;;
Residencial Colina Park;58;14;VIELA01;10.0;10.0;20.0;20.0;200.0;;;;
Residencial Colina Park;58;15;VIELA01;10.0;10.0;20.0;20.0;200.0;;;;
Residencial Colina Park;58;16;VIELA01;10.0;10.0;20.0;20.0;200.0;;;;
Residencial Colina Park;58;17;VIELA01;10.0;10.0;20.0;20.0;200.0;;;;
Residencial Colina Park;58;18;VIELA01;10.0;10.0;20.0;20.0;200.0;;;;
Residencial Colina Park;58;19;VIELA01;10.0;10.0;20.0;20.0;200.0;;;;
Residencial Colina Park;58;20;VIELA01;10.0;10.0;20.0;20.0;200.0;;;;
Residencial Colina Park;58;21;VIELA01;10.0;10.0;20.0;20.0;200.0;;;;
Residencial Colina Park;58;22;VIELA01;10.0;10.0;20.0;20.0;200.0;;;;
Residencial Colina Park;58;23;VIELA01;10.0;10.0;20.0;20.0;200.0;;;;
Residencial Colina Park;58;24;VIELA01;10.0;10.0;20.0;20.0;200.0;;;;
Residencial Colina Park;58;25;RUA PERIMETRAL 01;17.0;;;;231.57;;;;
Residencial Colina Park;58;26;RUA PERIMETRAL 01;17.03;;;;248.12;;;;
Residencial Colina Park;58;27;RUA LOCAL 25;10.0;10.0;20.0;20.0;200.0;;;;
Residencial Colina Park;58;28;RUA LOCAL 25;10.0;10.0;20.0;20.0;200.0;;;;
Residencial Colina Park;58;29;RUA LOCAL 25;10.0;10.0;20.0;20.0;200.0;;;;
Residencial Colina Park;58;30;RUA LOCAL 25;10.0;10.0;20.0;20.0;200.0;;;;
Residencial Colina Park;58;31;RUA LOCAL 25;10.0;10.0;20.0;20.0;200.0;;;;
Residencial Colina Park;58;32;RUA LOCAL 25;10.0;10.0;20.0;20.0;200.0;;;;
Residencial Colina Park;58;33;RUA LOCAL 25;10.0;10.0;20.0;20.0;200.0;;;;
Residencial Colina Park;58;34;RUA LOCAL 25;10.0;10.0;20.0;20.0;200.0;;;;
Residencial Colina Park;58;35;RUA LOCAL 25;10.0;10.0;20.0;20.0;200.0;;;;
Residencial Colina Park;58;36;RUA LOCAL 25;10.0;10.0;20.0;20.0;200.0;;;;
Residencial Colina Park;58;37;RUA LOCAL 25;10.0;10.0;20.0;20.0;200.0;;;;
Residencial Colina Park;58;38;RUA LOCAL 25;10.0;10.0;20.0;20.0;200.0;;;;
Residencial Colina Park;58;39;RUA LOCAL 25;10.0;10.0;20.0;20.0;200.0;;;;
Residencial Colina Park;58;40;RUA LOCAL 25;10.0;10.0;20.0;20.0;200.0;;;;
Residencial Colina Park;58;41;RUA LOCAL 25;10.0;10.0;20.0;20.0;200.0;;;;
Residencial Colina Park;58;42;RUA LOCAL 25;10.0;10.0;20.0;20.0;200.0;;;;
Residencial Colina Park;58;43;RUA LOCAL 25;10.0;10.0;20.0;20.0;200.0;;;;
Residencial Colina Park;58;44;RUA LOCAL 25;10.0;10.0;20.0;20.0;200.0;;;;
Residencial Colina Park;58;45;RUA LOCAL 25;10.0;10.0;20.0;20.0;200.0;;;;
Residencial Colina Park;58;46;RUA LOCAL 25;10.0;10.0;20.0;20.0;200.0;;;;
Residencial Colina Park;58;47;RUA LOCAL 25;10.0;10.0;20.0;20.0;200.0;;;;
Residencial Colina Park;58;48;RUA LOCAL 25;10.0;10.0;20.0;20.0;200.0;;;;
Residencial Colina Park;58;49;RUA LOCAL 16;15.0;;;;237.47;;;;
Residencial Colina Park;59;01;RUA PERIMETRAL 01;20.33;;;;466.65;;;;
Residencial Colina Park;59;01;RUA PERIMETRAL 01;20.33;;;;466.65;;;;
Residencial Colina Park;59;02;AVENIDA 03;12.0;12.0;25.0;25.0;300.0;;;;
Residencial Colina Park;59;03;AVENIDA 03;12.0;12.0;25.0;25.0;300.0;;;;
Residencial Colina Park;59;04;AVENIDA 03;12.0;12.0;25.0;25.0;300.0;;;;
Residencial Colina Park;59;05;AVENIDA 03;12.0;12.0;25.0;25.0;300.0;;;;
Residencial Colina Park;59;06;AVENIDA 03;12.0;12.0;25.0;25.0;300.0;;;;
Residencial Colina Park;59;07;AVENIDA 03;12.0;12.0;25.0;25.0;300.0;;;;
Residencial Colina Park;59;08;AVENIDA 03;12.0;12.0;25.0;25.0;300.0;;;;
Residencial Colina Park;59;09;AVENIDA 03;12.0;12.0;25.0;25.0;300.0;;;;
Residencial Colina Park;59;10;AVENIDA 03;12.0;12.0;25.0;25.0;300.0;;;;
Residencial Colina Park;59;11;AVENIDA 03;12.0;12.0;25.0;25.0;300.0;;;;
Residencial Colina Park;59;12;AVENIDA 03;12.0;12.0;25.0;25.0;300.0;;;;
Residencial Colina Park;59;13;AVENIDA 03;12.0;12.0;25.0;25.0;300.0;;;;
Residencial Colina Park;59;14;AVENIDA 03;12.0;12.0;25.0;25.0;300.0;;;;
Residencial Colina Park;59;15;AVENIDA 03;12.0;12.0;25.0;25.0;300.0;;;;
Residencial Colina Park;59;16;AVENIDA 03;12.0;12.0;25.0;25.0;300.0;;;;
Residencial Colina Park;59;17;AVENIDA 03;12.0;;;;300.0;;;;
Residencial Colina Park;59;18;AVENIDA 03;20.0;;;;312.5;;;;
Residencial Colina Park;59;19;RUA LOCAL 16;12.0;12.0;25.0;25.0;300.0;;;;
Residencial Colina Park;59;20;RUA LOCAL 16;12.0;12.0;25.0;25.0;300.0;;;;
Residencial Colina Park;59;21;RUA LOCAL 25;20.0;;;;312.5;;;;
Residencial Colina Park;59;22;RUA LOCAL 25;12.0;;;;300.0;;;;
Residencial Colina Park;59;23;RUA LOCAL 25;12.0;12.0;25.0;25.0;300.0;;;;
Residencial Colina Park;59;24;RUA LOCAL 25;12.0;12.0;25.0;25.0;300.0;;;;
Residencial Colina Park;59;25;RUA LOCAL 25;12.0;12.0;25.0;25.0;300.0;;;;
Residencial Colina Park;59;26;RUA LOCAL 25;12.0;12.0;25.0;25.0;300.0;;;;
Residencial Colina Park;59;27;RUA LOCAL 25;12.0;12.0;25.0;25.0;300.0;;;;
Residencial Colina Park;59;28;RUA LOCAL 25;12.0;12.0;25.0;25.0;300.0;;;;
Residencial Colina Park;59;29;RUA LOCAL 25;12.0;12.0;25.0;25.0;300.0;;;;
Residencial Colina Park;59;30;RUA LOCAL 25;12.0;12.0;25.0;25.0;300.0;;;;
Residencial Colina Park;59;31;RUA LOCAL 25;12.0;12.0;25.0;25.0;300.0;;;;
Residencial Colina Park;59;32;RUA LOCAL 25;12.0;12.0;25.0;25.0;300.0;;;;
Residencial Colina Park;59;33;RUA LOCAL 25;12.0;12.0;25.0;25.0;300.0;;;;
Residencial Colina Park;59;34;RUA LOCAL 25;12.0;12.0;25.0;25.0;300.0;;;;
Residencial Colina Park;59;35;RUA LOCAL 25;12.0;12.0;25.0;25.0;300.0;;;;
Residencial Colina Park;59;36;RUA LOCAL 25;12.0;12.0;25.0;25.0;300.0;;;;
Residencial Colina Park;59;37;RUA LOCAL 25;12.0;12.0;25.0;25.0;300.0;;;;
Residencial Colina Park;59;38;RUA LOCAL 25;12.0;12.0;25.0;25.0;300.0;;;;
Residencial Colina Park;59;39;RUA PERIMETRAL 01;20.33;;;;268.0;;;;
Residencial Colina Park;59;39;RUA PERIMETRAL 01;20.33;;;;268.0;;;;
Residencial Colina Park;60;01;RUA LOCAL 16;18.0;;;;263.5;;;;
Residencial Colina Park;60;02;AVENIDA 03;10.0;10.0;23.0;23.0;230.0;;;;
Residencial Colina Park;60;03;AVENIDA 03;10.0;10.0;23.0;23.0;230.0;;;;
Residencial Colina Park;60;04;RUA LOCAL 15;18.0;;;;263.5;;;;
Residencial Colina Park;60;05;RUA LOCAL 15;10.0;;;;220.0;;;;
Residencial Colina Park;60;06;RUA LOCAL 15;10.0;10.0;22.0;22.0;220.0;;;;
Residencial Colina Park;60;07;RUA LOCAL 15;10.0;10.0;22.0;22.0;220.0;;;;
Residencial Colina Park;60;08;RUA LOCAL 15;10.0;10.0;22.0;22.0;220.0;;;;
Residencial Colina Park;60;09;RUA LOCAL 15;10.0;10.0;22.0;22.0;220.0;;;;
Residencial Colina Park;60;10;RUA LOCAL 15;10.0;10.0;22.0;22.0;220.0;;;;
Residencial Colina Park;60;11;RUA LOCAL 15;10.0;10.0;22.0;22.0;220.0;;;;
Residencial Colina Park;60;12;RUA LOCAL 15;15.0;;;;227.5;;;;
Residencial Colina Park;60;13;RUA LOCAL 26;10.0;10.0;20.0;20.0;200.0;;;;
Residencial Colina Park;60;14;RUA LOCAL 26;10.0;10.01;20.0;20.0;200.14;;;;
Residencial Colina Park;60;15;RUA LOCAL 16;15.0;;;;227.28;;;;
Residencial Colina Park;60;16;RUA LOCAL 16;10.0;10.0;22.0;22.0;220.0;;;;
Residencial Colina Park;60;17;RUA LOCAL 16;10.0;10.0;22.0;22.0;220.0;;;;
Residencial Colina Park;60;18;RUA LOCAL 16;10.0;10.0;22.0;22.0;220.0;;;;
Residencial Colina Park;60;19;RUA LOCAL 16;10.0;10.0;22.0;22.0;220.0;;;;
Residencial Colina Park;60;20;RUA LOCAL 16;10.0;10.0;22.0;22.0;220.0;;;;
Residencial Colina Park;60;21;RUA LOCAL 16;10.0;10.0;22.0;22.0;220.0;;;;
Residencial Colina Park;60;22;RUA LOCAL 16;10.0;;;;220.0;;;;
Residencial Colina Park;61;01;RUA LOCAL 15;18.0;;;;263.5;;;;
Residencial Colina Park;61;02;AVENIDA 03;10.0;10.0;23.0;23.0;230.0;;;;
Residencial Colina Park;61;03;AVENIDA 03;10.0;10.0;23.0;23.0;230.0;;;;
Residencial Colina Park;61;04;RUA LOCAL 14;18.0;;;;263.5;;;;
Residencial Colina Park;61;05;RUA LOCAL 14;10.0;;;;220.0;;;;
Residencial Colina Park;61;06;RUA LOCAL 14;10.0;10.0;22.0;22.0;220.0;;;;
Residencial Colina Park;61;07;RUA LOCAL 14;10.0;10.0;22.0;22.0;220.0;;;;
Residencial Colina Park;61;08;RUA LOCAL 14;10.0;10.0;22.0;22.0;220.0;;;;
Residencial Colina Park;61;09;RUA LOCAL 14;10.0;10.0;22.0;22.0;220.0;;;;
Residencial Colina Park;61;10;RUA LOCAL 14;10.0;10.0;22.0;22.0;220.0;;;;
Residencial Colina Park;61;11;RUA LOCAL 14;10.0;10.0;22.0;22.0;220.0;;;;
Residencial Colina Park;61;12;RUA LOCAL 14;15.0;;;;227.5;;;;
Residencial Colina Park;61;13;RUA LOCAL 26;10.0;10.0;20.0;20.0;200.0;;;;
Residencial Colina Park;61;14;RUA LOCAL 26;10.0;10.01;20.0;20.0;200.14;;;;
Residencial Colina Park;61;15;RUA LOCAL 15;15.0;;;;227.28;;;;
Residencial Colina Park;61;16;RUA LOCAL 15;10.0;10.0;22.0;22.0;220.0;;;;
Residencial Colina Park;61;17;RUA LOCAL 15;10.0;10.0;22.0;22.0;220.0;;;;
Residencial Colina Park;61;18;RUA LOCAL 15;10.0;10.0;22.0;22.0;220.0;;;;
Residencial Colina Park;61;19;RUA LOCAL 15;10.0;10.0;22.0;22.0;220.0;;;;
Residencial Colina Park;61;20;RUA LOCAL 15;10.0;10.0;22.0;22.0;220.0;;;;
Residencial Colina Park;61;21;RUA LOCAL 15;10.0;10.0;22.0;22.0;220.0;;;;
Residencial Colina Park;61;22;RUA LOCAL 15;10.0;;;;220.0;;;;
Residencial Colina Park;62;01;RUA LOCAL 14;18.0;;;;263.5;;;;
Residencial Colina Park;62;02;AVENIDA 03;10.0;10.0;23.0;23.0;230.0;;;;
Residencial Colina Park;62;03;AVENIDA 03;10.0;10.0;23.0;23.0;230.0;;;;
Residencial Colina Park;62;04;RUA PERIMETRAL 01;18.0;;;;263.5;;;;
Residencial Colina Park;62;05;RUA PERIMETRAL 01;10.0;;;;220.0;;;;
Residencial Colina Park;62;06;RUA PERIMETRAL 01;10.0;10.0;22.0;22.0;220.0;;;;
Residencial Colina Park;62;07;RUA PERIMETRAL 01;10.0;10.0;22.0;22.0;220.0;;;;
Residencial Colina Park;62;08;RUA PERIMETRAL 01;10.0;10.0;22.0;22.0;220.0;;;;
Residencial Colina Park;62;09;RUA PERIMETRAL 01;10.0;10.0;22.0;22.0;220.0;;;;
Residencial Colina Park;62;10;RUA PERIMETRAL 01;10.0;10.0;22.0;22.0;220.0;;;;
Residencial Colina Park;62;11;RUA PERIMETRAL 01;10.0;10.0;22.0;22.0;220.0;;;;
Residencial Colina Park;62;12;RUA PERIMETRAL 01;15.0;;;;227.5;;;;
Residencial Colina Park;62;13;RUA LOCAL 26;10.0;10.0;20.0;20.0;200.0;;;;
Residencial Colina Park;62;14;RUA LOCAL 26;10.0;10.01;20.0;20.0;200.14;;;;
Residencial Colina Park;62;15;RUA LOCAL 14;15.0;;;;227.28;;;;
Residencial Colina Park;62;16;RUA LOCAL 14;10.0;10.0;22.0;22.0;220.0;;;;
Residencial Colina Park;62;17;RUA LOCAL 14;10.0;10.0;22.0;22.0;220.0;;;;
Residencial Colina Park;62;18;RUA LOCAL 14;10.0;10.0;22.0;22.0;220.0;;;;
Residencial Colina Park;62;19;RUA LOCAL 14;10.0;10.0;22.0;22.0;220.0;;;;
Residencial Colina Park;62;20;RUA LOCAL 14;10.0;10.0;22.0;22.0;220.0;;;;
Residencial Colina Park;62;21;RUA LOCAL 14;10.0;10.0;22.0;22.0;220.0;;;;
Residencial Colina Park;62;22;RUA LOCAL 14;10.0;;;;220.0;;;;
Residencial Colina Park;63;06;RUA PERIMETRAL 01;10.14;;;;294.27;;;;
Residencial Colina Park;63;07;RUA PERIMETRAL 01;10.14;10.05;29.09;28.43;287.63;;;;
Residencial Colina Park;63;08;RUA PERIMETRAL 01;10.14;10.05;28.43;27.76;280.97;;;;
Residencial Colina Park;63;09;RUA PERIMETRAL 01;10.14;10.05;27.76;27.1;274.3;;;;
Residencial Colina Park;63;10;RUA PERIMETRAL 01;10.14;10.05;27.1;26.43;267.64;;;;
Residencial Colina Park;63;11;RUA PERIMETRAL 01;10.14;10.05;26.43;25.76;260.97;;;;
Residencial Colina Park;63;12;RUA PERIMETRAL 01;10.13;10.0;25.76;24.3;250.31;;;;
Residencial Colina Park;63;17;RUA PERIMETRAL 01;10.0;10.0;23.18;23.0;230.91;;;;
Residencial Colina Park;63;18;RUA PERIMETRAL 01;10.0;10.05;24.18;23.18;236.82;;;;
Residencial Colina Park;63;19;RUA PERIMETRAL 01;10.0;10.05;25.18;24.18;246.82;;;;
Residencial Colina Park;63;20;RUA PERIMETRAL 01;10.0;10.05;26.18;25.18;256.82;;;;
Residencial Colina Park;63;21;RUA PERIMETRAL 01;10.0;10.05;27.18;26.18;266.81;;;;
Residencial Colina Park;63;22;RUA PERIMETRAL 01;10.0;10.05;28.18;27.18;276.81;;;;
Residencial Colina Park;63;23;RUA PERIMETRAL 01;10.0;;;;286.82;;;;
Residencial Colina Park;63;23;RUA PERIMETRAL 01;10.12;10.05;28.18;29.18;288.45;;;;
